Number,Sample,Mineral,Pipe,Diamond_High,Craton,Na,Mg,Al,Si,Ca,Sc,Ti,Cr,Mn,Co,Ni,Rb,Sr,Y,Zr,Ba,Nd,Eu,Yb,Lu,Ta,U,Na_clr,Mg_clr,Al_clr,Si_clr,Ca_clr,Sc_clr,Ti_clr,Cr_clr,Mn_clr,Co_clr,Ni_clr,Rb_clr,Sr_clr,Y_clr,Zr_clr,Ba_clr,Nd_clr,Eu_clr,Yb_clr,Lu_clr,Ta_clr,U_clr,V1,V2,V3,V4,V5,V6,V7,V8,V9,V10,V11,V12,V13,V14,V15,V16,V17,V18,V19,V20,V21,V22
1,    Ap22C05,CRD,BEARTOOTH,yes,Slave,11650,53630,6939,258200,111200,35.78,612.9,8843,520.5,11.91,188.4,0.22,144.6,2.03,9.45,3.92,8.27,0.49,0.11,0.01,0.03,0.01,5.70,7.23,5.19,8.80,7.96,-0.08,2.76,5.43,2.60,-1.18,1.58,-5.17,1.32,-2.95,-1.41,-2.29,-1.55,-4.37,-5.87,-8.26,-7.17,-8.26,0.078423041,-0.024469602,-0.074810076,0.119473811,-0.046518524,-0.113637151,-0.042182762,-0.024888848,-0.025172948,-0.011380939,0.021668444,0.0020236,-0.006437459,0.018549979,0.030228046,0.021153929,-0.005581251,-0.004840147,-0.007730061,0.022893124,-0.016225648,-1.15E-15
2,    Ap22C06,CRD,BEARTOOTH,yes,Slave,3933,59170,12720,255500,117400,10.16,403.4,4057,448.2,17.07,273,16.74,173.1,0.95,8.75,71.6,10.55,0.33,0.07,0.007201763,0.8,0.12,4.20,6.91,5.37,8.37,7.60,-1.76,1.92,4.23,2.03,-1.24,1.53,-1.26,1.08,-4.13,-1.91,0.19,-1.72,-5.19,-6.74,-9.01,-4.30,-6.20,0.355194498,-0.256275236,0.238464423,-0.075294669,-0.038161593,0.092088801,-0.047432174,-0.078375522,0.063063408,0.07770196,-0.092435783,0.072640284,0.006898668,-0.037780493,-0.063845648,0.060437063,0.044199408,0.004841402,-0.032273193,-0.003518127,0.003783418,8.26E-16
3,    Ap22C07,CRD,BEARTOOTH,yes,Slave,9894,44760,9163,257100,113300,16.1,748.6,8787,490.9,15.72,259,8.17,199.4,1.44,10.26,84.61,12.08,0.44,0.031200232,0.01,0.5,0.04,5.09,6.60,5.02,8.35,7.53,-1.33,2.51,4.98,2.09,-1.35,1.45,-2.01,1.19,-3.74,-1.78,0.33,-1.61,-4.93,-7.57,-8.71,-4.80,-7.32,0.323641948,-0.22911136,0.161256787,-0.080307988,-0.132885034,-0.024301003,-0.05294354,-0.013915068,0.104565872,0.021388215,0.057273801,0.04655075,0.014225698,-0.027306308,-0.024506463,0.016668139,0.015901499,0.001237797,0.039880398,0.012777398,-0.011686039,-5.88E-16
4,    Ap22C08,CRD,BEARTOOTH,yes,Slave,11150,52360,13930,257700,105800,11.16,332.4,7807,501.5,16.26,306,0.19,123.2,0.71,3.93,1.12,5.25,0.23,0.028643604,0.005283566,0.02,0.01,6.01,7.56,6.23,9.15,8.26,-0.90,2.50,5.65,2.91,-0.52,2.41,-4.97,1.50,-3.65,-1.94,-3.20,-1.65,-4.78,-6.86,-8.55,-7.22,-7.92,0.045316924,0.1684624,0.036690872,-0.050693331,0.008385821,-0.052657861,-0.025356135,0.024774811,-0.001204412,-0.041398141,-0.011508176,0.032497299,-0.059036048,-0.038556346,-0.01034575,0.000452768,0.02486246,0.025096065,0.004812434,0.000233511,0.006541855,5.59E-16
5,    Ap22C09,CRD,BEARTOOTH,yes,Slave,8670,51250,13160,257300,108900,11.76,473.9,5161,461.8,15.45,231,0.92,137.3,0.75,2.62,20.61,5.18,0.22,0.027270207,0.01,0.08,0.03,5.46,7.24,5.88,8.85,7.99,-1.14,2.55,4.94,2.53,-0.87,1.83,-3.69,1.31,-3.90,-2.64,-0.58,-1.96,-5.12,-7.21,-8.21,-6.13,-7.11,0.160337883,-0.01811604,0.183819141,-0.023197608,-0.031186694,0.063191436,-0.034961711,0.024257103,0.057164433,-0.026626092,0.047415761,0.034611403,-0.002169968,-0.053506371,-0.015956216,0.003931225,0.005576431,0.023001534,-0.017953713,-0.004886087,0.004576141,3.77E-16
6,    Ap27A13,CRD,BEARTOOTH,yes,Slave,33460,79120,14590,254800,134500,190.3,77.44,23740,643.9,12.26,214.6,5.18,1180,10.28,89.08,79.32,102.6,3.27,0.56,0.07,0.36,0.15,5.46,6.32,4.63,7.49,6.85,0.29,-0.61,5.11,1.51,-2.45,0.41,-3.32,2.11,-2.63,-0.47,-0.59,-0.33,-3.78,-5.54,-7.62,-5.98,-6.86,0.369044465,-0.603633884,-0.280683003,0.019496892,0.203059409,-0.064368449,-0.289267871,-0.020556193,-0.088218786,-0.011160022,-0.013318638,-0.009504122,-0.028645566,-0.025036321,0.03745012,-0.049219464,-0.026657966,0.021896331,-0.01257835,0.006877182,-0.00197524,-7.06E-16
7,    Ap27A14,CRD,BEARTOOTH,yes,Slave,15090,92960,10020,256100,143700,16.05,357.2,11170,599.9,17.66,296.5,0.100680944,452.8,1.02,4.93,7.58,18.03,0.37,0.11,0.02,0.04,0.04,5.79,7.61,5.38,8.62,8.04,-1.06,2.04,5.49,2.56,-0.96,1.86,-6.13,2.28,-3.81,-2.24,-1.81,-0.94,-4.83,-6.04,-7.75,-7.05,-7.05,0.173455786,-0.001775909,-0.042001045,0.050824513,0.159313235,0.010934363,-0.024389218,0.025632335,-0.013335864,-0.045728308,-0.026544328,0.029981703,0.086102275,-0.022989123,0.019508906,-0.033539333,-0.034126992,0.001550777,0.005238313,-0.026125308,0.004132956,1.91E-16
8,    Ap27A15,CRD,BEARTOOTH,yes,Slave,15460,93450,13900,258000,137800,18.06,730.3,9029,645,19.44,308.5,0.069961857,147.1,2.09,8.2,1.89,6.37,0.43,0.030386283,0.00554523,0.03,0.01,6.07,7.87,5.96,8.88,8.26,-0.68,3.02,5.53,2.89,-0.61,2.15,-6.24,1.41,-2.84,-1.47,-2.94,-1.73,-4.42,-7.07,-8.77,-7.08,-8.18,0.026913994,0.160972874,-0.019129746,-0.029467038,-0.067969314,-0.10710811,0.018786854,0.017151032,-0.002608999,0.04256947,0.009875971,-0.069388007,-0.020287032,-0.073429368,0.004796718,-0.02134556,0.004664232,0.022205871,-0.007261759,-0.00404363,0.006818507,4.48E-16
9,    Ap27A16,CRD,BEARTOOTH,yes,Slave,14200,87060,11310,257000,127900,10.48,318.5,8329,618.3,19.94,330.1,0.073309567,83.9,0.71,3.68,0.44,4.34,0.29,0.02438176,0.003693751,0.02,0.00560428,6.35,8.16,6.12,9.25,8.55,-0.86,2.55,5.82,3.22,-0.22,2.59,-5.82,1.22,-3.55,-1.91,-4.03,-1.74,-4.45,-6.92,-8.81,-7.12,-8.39,-0.022292729,0.285210542,0.023929747,-0.070221329,0.019371079,-0.134394023,-0.018530969,0.018309135,-0.033050351,0.028965161,-0.033086923,-0.046389543,-0.059622985,-0.048627377,-0.014277135,-0.022155107,-0.006552206,-0.023347888,-0.003584157,0.005682356,-0.005568541,-5.66E-16
10,    Ap27A17,CRD,BEARTOOTH,yes,Slave,8709,101000,6912,257700,148600,11.49,277.6,6023,662.3,19.92,355.7,0.93,151.2,0.56,1.16,11.08,4.77,0.2,0.17,0.006780006,0.01,0.02,5.55,8.00,5.32,8.94,8.39,-1.08,2.10,5.18,2.97,-0.53,2.35,-3.60,1.49,-4.10,-3.38,-1.12,-1.96,-5.13,-5.30,-8.52,-8.13,-7.44,0.06929003,0.130337553,0.160108548,0.108482428,0.130444395,0.007728864,0.009960701,-0.110784008,-0.183279678,-0.032165329,-0.034784601,0.05717772,0.022077634,-0.001434514,0.026536664,-0.007988491,0.000157698,0.006786194,-0.012890249,0.017753226,0.001559197,-1.52E-16
11,    Ap27A18,CRD,BEARTOOTH,yes,Slave,12390,87080,8924,256200,134400,18.45,784.6,7001,633.6,19.83,307.1,1.09,155.8,1.05,4.62,12.98,6.04,0.3,0.03051215,0.004531622,0.09,0.01,5.71,7.66,5.38,8.74,8.09,-0.80,2.95,5.14,2.74,-0.73,2.01,-3.63,1.33,-3.67,-2.18,-1.15,-1.92,-4.92,-7.20,-9.11,-6.12,-8.32,0.128163163,0.075285228,0.165380613,-0.054038767,-0.11434873,-0.112760701,-0.014609326,-0.039911933,7.73E-06,0.045899061,0.021201589,-0.012870543,0.037604758,-0.02328636,0.006948259,-0.02088496,0.013070049,0.013833987,0.007973184,0.015109386,-0.004036249,-3.09E-16
12,    Ap27A19,CRD,BEARTOOTH,yes,Slave,17200,84800,9743,256300,139900,23.97,1099,11840,646.5,19.02,289,0.3,170,1.12,6.32,0.148445586,5.89,0.32,0.1,0.003363568,0.02,0.003723749,6.28,7.88,5.71,8.98,8.38,-0.29,3.53,5.91,3.00,-0.52,2.20,-4.67,1.67,-3.36,-1.63,-5.38,-1.70,-4.61,-5.77,-9.16,-7.38,-9.06,-0.042818207,0.231225803,-0.038949977,0.053695978,-0.119127793,-0.204733224,0.017444484,-0.020174418,-0.076521885,0.030116777,-0.101749671,0.052487049,-0.00215137,0.061612365,-0.014477628,-0.026598645,-0.006401017,0.012599228,0.013158933,0.019314969,0.009614601,3.92E-16
13,    Ap27A20,CRD,BEARTOOTH,yes,Slave,16680,86610,10940,258100,122900,12.93,523.4,11660,646,19.06,324.1,0.047517672,198.3,1.23,10.04,0.79,9.46,0.28,0.02850292,0.004448429,0.04,0.01,6.24,7.88,5.82,8.98,8.23,-0.92,2.78,5.88,2.99,-0.54,2.30,-6.53,1.81,-3.28,-1.18,-3.72,-1.24,-4.76,-7.04,-8.90,-6.70,-8.09,0.079642199,0.197806007,-0.019009909,-0.080301917,-0.009903039,-0.130349805,0.016491989,0.045572145,0.021732326,0.011638523,-0.071917056,-0.035293246,0.014545435,-0.035376073,0.025742931,-0.01208209,-0.003831129,0.026631581,0.03083839,-0.007756229,0.002929427,2.08E-16
14,    Ap27A21,CRD,BEARTOOTH,yes,Slave,8801,93200,6889,257700,141700,10.59,284.8,5233,585.1,20.1,344.4,0.55,144.6,0.37,1.03,7.31,4.13,0.16,0.026761691,0.004354648,0.03,0.007730853,5.76,8.12,5.52,9.14,8.54,-0.96,2.33,5.24,3.05,-0.32,2.52,-3.92,1.65,-4.31,-3.29,-1.33,-1.90,-5.15,-6.94,-8.76,-6.83,-8.18,0.080496701,0.214066894,0.224722043,-0.050838308,0.055789794,-0.077223084,-0.035541706,-0.050170143,-0.04833925,6.63E-05,0.016712017,-0.000203425,0.044261544,-0.014386866,-0.002056892,-0.019851746,8.77E-05,0.011322733,-0.00083706,0.011994144,-0.007734008,-4.35E-16
15,    Ap27A22,CRD,BEARTOOTH,yes,Slave,7625,96800,5928,258600,142900,9.02,384.36,5668,708.4,28.66,425,5.04,231.2,0.53,2.83,172.7,7.06,0.21,0.07,0.006219384,0.37,0.12,4.92,7.46,4.67,8.45,7.85,-1.82,1.94,4.63,2.55,-0.66,2.04,-2.40,1.43,-4.65,-2.98,1.14,-2.06,-5.58,-6.68,-9.10,-5.01,-6.14,0.343773239,-0.089212917,0.360358116,-0.059840796,0.032596066,0.094661683,0.017431654,-0.113239414,-0.026428152,0.043521684,-0.065535228,0.017031756,0.042221108,0.001662303,0.01804809,0.007102097,-0.026088911,-0.015996801,0.00902427,-0.019052285,0.002940594,3.82E-17
16,    Ap27A23,CRD,BEARTOOTH,yes,Slave,10370,91470,8402,257300,145500,15.68,1020,5970,571.1,19.61,211.2,0.44,159.5,1.03,4.51,29.27,5.22,0.29,0.02949997,0.01,0.11,0.05,5.46,7.64,5.25,8.67,8.10,-1.04,3.14,4.91,2.56,-0.81,1.56,-4.61,1.28,-3.76,-2.28,-0.41,-2.14,-5.03,-7.31,-8.39,-6.00,-6.78,0.175642822,-0.009982366,0.191246477,0.00747125,-0.075432452,0.070751664,0.044082187,0.029548151,0.040867264,0.049956705,0.043938026,-0.062885817,0.054978955,-0.02464551,-0.000278494,-0.012260756,-0.024085729,-0.007450388,-0.019393444,0.004376872,0.014294715,4.39E-16
17,    Ap27A24,CRD,BEARTOOTH,yes,Slave,8680,104200,7404,257700,168600,14.65,433.9,5419,629.7,25.48,339.3,0.104022085,178.3,0.73,1.56,9.65,6.24,0.3,0.04,0.006960756,0.02,0.03,5.56,8.04,5.40,8.95,8.52,-0.83,2.56,5.09,2.93,-0.27,2.32,-5.77,1.67,-3.83,-3.07,-1.24,-1.68,-4.71,-6.73,-8.48,-7.42,-7.02,0.087480822,0.137636657,0.096413046,-0.004694431,0.105821525,0.014407756,0.066118685,-0.035019431,-0.042257641,0.036608318,0.040813078,-0.049007651,0.028764397,-0.018896758,0.014742489,-0.016864872,0.001231064,-0.002881269,-0.021963893,-0.019478512,-0.006955233,-2.81E-16
18,    Ap27A25,CRD,BEARTOOTH,yes,Slave,8066,92260,6509,256300,135100,7.77,330.7,6331,635.9,23.09,332,2.78,139,0.41,1.66,19.05,5.08,0.2,0.02184419,0.003625364,0.17,0.06,5.36,7.80,5.15,8.82,8.18,-1.59,2.17,5.12,2.82,-0.50,2.17,-2.61,1.30,-4.53,-3.13,-0.69,-2.01,-5.25,-7.46,-9.26,-5.41,-6.45,0.234406102,0.038017235,0.319644856,-0.144551022,0.033974844,0.033011577,0.044458815,-0.028373871,-0.010289586,0.075092443,-0.039663639,-0.019962514,-0.004427127,-0.000328003,-0.016319129,-0.002900881,-0.0201695,-0.011666101,-0.000881546,0.011388746,-0.002233361,-2.81E-16
19,    Ap27A26,CRD,BEARTOOTH,yes,Slave,8664,84220,6540,255600,145300,12.05,431,5840,633.5,24.03,320.6,2.78,166.6,0.46,1.42,35.89,5.13,0.23,0.026299606,0.004876212,0.1,0.06,5.36,7.63,5.08,8.74,8.18,-1.22,2.36,4.97,2.74,-0.53,2.06,-2.68,1.41,-4.48,-3.36,-0.13,-2.07,-5.18,-7.34,-9.03,-6.01,-6.52,0.216209918,0.009866062,0.294623826,-0.096910126,0.021053362,0.051034037,0.050233234,-0.038075479,-0.022780032,0.054084121,0.023274474,-0.008371868,0.003584561,0.014076371,0.000148967,-0.016605667,-0.005684407,-0.002597217,-0.004943413,0.00808082,-0.000220931,-1.11E-16
20,    Ap27A27,CRD,BEARTOOTH,yes,Slave,8734,91450,6148,257500,140900,9.23,295.3,7023,740.2,25.33,428.5,3.48,172,0.48,1.89,65.3,5.26,0.16,0.024217922,0.004670288,0.25,0.13,5.26,7.61,4.91,8.64,8.04,-1.60,1.87,5.04,2.79,-0.59,2.24,-2.57,1.33,-4.55,-3.18,0.36,-2.16,-5.65,-7.54,-9.18,-5.20,-5.86,0.308740698,-0.014209983,0.394751487,-0.143069508,0.049796695,0.101822008,0.051048737,-0.047801324,-0.005725291,0.028972432,-0.049304794,-0.035941613,-0.010256539,0.000849957,0.015362178,-0.012000225,-0.030024473,0.019655234,0.019121797,-0.001469619,-0.000841446,-1.04E-16
21,    Ap22A03,CRD,KOALA,yes,Slave,12260,43590,9869,256500,78960,14.25,621.5,9205,394.1,10.95,181.7,0.038074986,152.9,1.22,5.43,0.144151739,7.17,0.33,0.06,0.01,0.02,0.01,6.17,7.43,5.95,9.21,8.03,-0.59,3.18,5.88,2.73,-0.85,1.95,-6.52,1.78,-3.05,-1.56,-5.18,-1.28,-4.36,-6.06,-7.85,-7.16,-7.85,-0.00671844,0.115134535,-0.154633103,0.076191339,0.00023118,-0.064922873,0.004484235,0.078144966,0.056697489,-0.034558081,-0.039587588,0.039898596,-0.026443428,0.015469326,-0.037381802,0.023016712,-0.053771036,-0.008516275,-0.002136836,0.003161821,0.004092943,4.86E-17
22,    Ap22A04,CRD,KOALA,yes,Slave,13580,42550,8608,256600,88280,13.93,849.7,5552,499.7,14.77,371,0.24,161.2,1,4.81,5.97,6.15,0.3,0.06,0.006502159,0.03,0.03,5.94,7.08,5.48,8.88,7.81,-0.94,3.17,5.05,2.64,-0.88,2.34,-5.00,1.51,-3.58,-2.01,-1.79,-1.76,-4.78,-6.39,-8.61,-7.08,-7.08,0.121425721,0.041243216,0.027258546,0.008939016,-0.061971622,0.036238115,0.071906778,-0.054999665,0.0136368,-0.039615495,0.016831811,0.061257177,-0.03857238,0.006658406,0.034747073,0.009637732,-0.013248332,-0.002698273,0.01422511,-0.00136134,-0.007703911,-5.88E-16
23,    Ap22A05,CRD,KOALA,yes,Slave,10360,35210,8555,257600,88720,12.12,536.6,5631,414,11.98,187.8,0.108369124,116.1,0.84,3.36,6.58,4.79,0.26,0.04,0.007266984,0.05,0.02,5.86,7.09,5.67,9.08,8.01,-0.89,2.90,5.25,2.64,-0.90,1.85,-5.60,1.37,-3.56,-2.17,-1.50,-1.82,-4.73,-6.60,-8.31,-6.38,-7.29,0.123284832,0.019456793,0.053535902,0.02234866,-0.05167816,0.014115515,0.000150313,0.017665176,0.053815313,-0.026926083,0.035022708,0.036702603,-0.03952429,-0.013509732,0.030843989,0.045030507,-0.036545248,-0.016181105,-0.027429493,-0.01881357,-0.017711812,-1.12E-15
24,    Ap22A06,CRD,KOALA,yes,Slave,7642,42520,8503,257600,96350,9.29,383.6,4118,390.6,13.31,203.8,0.04797985,132,0.62,2.07,1.22,4.78,0.21,0.025604446,0.006360573,0.01,0.01,5.88,7.60,5.99,9.40,8.42,-0.83,2.89,5.26,2.91,-0.47,2.26,-6.10,1.82,-3.54,-2.33,-2.86,-1.50,-4.62,-6.73,-8.12,-7.67,-7.67,0.016001299,0.176272546,-0.012411025,0.010969369,0.051252898,-0.014183112,0.015231103,0.033182794,0.033180132,-0.026608915,0.05060679,0.027578995,-0.015244045,-0.018647377,0.007506878,0.038525398,0.006471718,0.013546784,-0.008515595,0.004360355,-0.001186288,-5.81E-17
25,    Ap22A07,CRD,KOALA,yes,Slave,10170,44980,10950,258400,86030,8.99,200.8,4699,333.6,11.15,202.4,0.058562805,246.4,0.82,4.62,0.29,12.48,0.29,0.04,0.01,0.03,0.01,6.02,7.50,6.09,9.25,8.15,-1.02,2.09,5.24,2.60,-0.80,2.10,-6.05,2.29,-3.41,-1.68,-4.45,-0.69,-4.45,-6.43,-7.82,-6.72,-7.82,0.058557172,0.083554894,-0.147654854,-0.036368699,0.131556534,-0.059964011,-0.092549685,0.061467043,0.080141453,-0.023787466,-0.047766012,0.065532275,0.018973873,-0.02727346,-0.035027433,0.035976091,-0.02927155,0.012665611,0.009098818,0.000674811,-0.005342621,-1.53E-16
26,    Ap22A09,CRD,KOALA,yes,Slave,7465,41950,7834,256100,94840,12.31,614.1,3837,399.7,14.35,137.6,0.024979257,104.3,0.53,2.4,0.87,3.47,0.18,0.026476344,0.01,0.01,0.01,5.90,7.63,5.95,9.44,8.44,-0.51,3.40,5.24,2.98,-0.35,1.91,-6.71,1.63,-3.65,-2.14,-3.15,-1.77,-4.73,-6.65,-7.62,-7.62,-7.62,-0.020171895,0.187751083,0.00693192,0.099274334,0.012432524,0.025779518,0.015509268,0.087284278,0.070842994,-0.035917726,0.059384088,0.001650747,0.003492112,0.01281153,0.012305312,0.028162154,-0.007179634,-0.00948781,-0.017431264,0.003491748,0.01412247,6.70E-16
27,    Ap22A10,CRD,KOALA,yes,Slave,10100,43560,9418,258000,91510,13.11,760.7,4855,459.4,13.57,187.1,0.05624687,149.7,0.72,3.4,2.24,5.63,0.27,0.02783547,0.01,0.02,0.01,5.94,7.40,5.87,9.18,8.14,-0.71,3.35,5.21,2.85,-0.67,1.95,-6.16,1.73,-3.61,-2.06,-2.47,-1.55,-4.59,-6.86,-7.88,-7.19,-7.88,0.037501742,0.1275929,-0.013034071,0.04949546,-0.02222375,-0.026028378,0.007768949,0.057568867,0.088130301,-0.024583947,0.077856102,0.028571676,0.008569245,-0.014047566,0.017353796,0.005793806,-0.001676668,-0.01453386,-0.007299762,0.003878997,0.005026154,1.06E-16
28,    Ap22A11,CRD,KOALA,yes,Slave,12330,40300,9228,258100,92600,12.39,810.9,5600,459.1,13.12,245.8,0.25,146.3,0.88,4.2,2.68,5.27,0.27,0.06,0.01,0.02,0.01,5.99,7.18,5.70,9.03,8.01,-0.91,3.27,5.20,2.70,-0.85,2.08,-4.81,1.56,-3.56,-1.99,-2.44,-1.77,-4.74,-6.24,-8.03,-7.34,-8.03,0.051619958,0.085104204,0.002178813,0.087817949,-0.064389779,-0.020090356,-0.008505144,-0.00525129,0.026390157,-0.058013979,0.046155323,0.082559077,-0.010840031,-0.003815825,0.00795998,0.007209244,-0.011810636,-0.008770193,0.020787021,0.017588852,0.004742383,2.43E-17
29,    Ap22A12,CRD,KOALA,yes,Slave,14770,40590,8875,257000,88290,26.08,481.7,11700,457.7,11.24,201.6,0.23,146.3,0.69,6.47,8.8,5.65,0.27,0.027710489,0.006566663,0.03,0.02,6.08,7.09,5.57,8.94,7.87,-0.26,2.66,5.85,2.61,-1.10,1.79,-4.99,1.47,-3.89,-1.65,-1.34,-1.79,-4.83,-7.10,-8.54,-7.02,-7.43,0.14730875,0.01510031,0.057357187,-0.037099944,-0.063688183,-0.014356419,-0.006423793,0.052805151,-0.003095753,-0.071976313,0.063510364,0.00432015,-0.036429808,0.021436488,0.04917994,0.004187927,0.015067669,0.008607039,-0.017186114,0.012827849,0.001644563,-4.36E-17
30,    Ap22A13,CRD,KOALA,yes,Slave,5866,51370,6641,257500,91610,7.88,187.3,4174,446.4,15.6,270.4,0.58,102.3,0.3,1.06,4.75,2.82,0.13,0.05,0.005491227,0.02,0.01,5.54,7.71,5.66,9.32,8.29,-1.08,2.09,5.20,2.96,-0.39,2.46,-3.68,1.49,-4.34,-3.08,-1.58,-2.10,-5.18,-6.14,-8.34,-7.05,-7.74,0.075733531,0.159272577,0.202410003,0.03415878,0.080460835,0.000900958,-0.062703517,-0.063532873,-0.057149727,-0.05712232,-0.008095721,0.056934417,-0.024812646,0.00157364,-0.007669874,0.034759182,-0.007138919,-0.005291983,-0.014390714,0.010717756,0.005330515,2.78E-16
31,    Ap24F12,CRD,KOALA,yes,Slave,11220,73520,9456,254900,120400,33.71,1145,14500,602.1,18.94,335.6,5.55,216.9,1.72,10.6,84.14,11.66,0.43,0.07,0.01,0.3,0.07,5.05,6.93,4.88,8.17,7.42,-0.76,2.77,5.31,2.13,-1.33,1.54,-2.56,1.10,-3.73,-1.91,0.16,-1.82,-5.12,-6.93,-8.88,-5.48,-6.93,0.297200986,-0.201719429,0.17093924,-0.018815005,-0.130246554,0.007285915,0.02303787,-0.043887406,0.01779956,-0.00178617,0.002353404,0.012083686,0.040759574,0.010783423,-0.016459234,-0.015026389,0.018680094,0.016680931,0.010272754,-0.002789021,-0.001426239,3.26E-16
32,    Ap24F13,CRD,KOALA,yes,Slave,13330,59510,8704,256600,105100,24.21,794.6,14870,574.6,15.24,255.4,0.063477206,158.8,1.16,6.92,1.22,6.17,0.34,0.028009093,0.005318539,0.03,0.01,6.04,7.54,5.61,9.00,8.10,-0.27,3.22,6.15,2.90,-0.73,2.08,-6.22,1.61,-3.31,-1.52,-3.26,-1.64,-4.54,-7.03,-8.69,-6.96,-8.06,0.06789209,0.14249286,-0.016328867,-0.015477664,-0.075947375,-0.119634693,0.041248909,0.046457236,0.026433794,-0.010601392,0.018320491,-0.039990959,-0.030772187,0.015589691,0.009965466,-0.007376565,-0.002390904,0.007390202,-0.001314248,-0.002439574,0.003732548,6.42E-17
33,    Ap24F14,CRD,KOALA,yes,Slave,13870,58810,10990,257000,121600,16.97,619.6,10630,537.3,17.49,325.2,0.87,221.7,1.02,10.14,13.46,10.19,0.51,0.07,0.006480545,0.08,0.03,5.65,7.09,5.42,8.57,7.82,-1.06,2.54,5.38,2.40,-1.03,1.89,-4.03,1.51,-3.87,-1.57,-1.29,-1.57,-4.56,-6.55,-8.93,-6.42,-7.40,0.204359609,-0.055863317,0.023274457,-0.043111262,-0.062005607,-0.035949901,-0.002826313,-0.03782231,-0.026111671,0.014109985,0.004329207,0.05248957,-0.021195977,-0.00852508,0.005568303,0.001460477,0.019437436,-0.027168625,-0.005172078,-0.006767034,0.002098086,1.16E-16
34,    Ap24F16,CRD,KOALA,yes,Slave,13350,64730,11050,257800,113900,22.9,1185,9433,616.7,16.76,278.9,0.033470032,222.1,2.04,10.57,0.53,11.24,0.54,0.07,0.01,0.02,0.01,5.92,7.50,5.73,8.88,8.07,-0.45,3.50,5.58,2.85,-0.76,2.05,-6.97,1.83,-2.86,-1.22,-4.21,-1.16,-4.19,-6.24,-8.18,-7.49,-8.18,0.013320334,0.124495099,-0.175894798,0.081294008,-0.030077498,-0.116847688,0.048109246,0.02341527,0.053801889,0.010717288,-0.001930749,0.007783081,-0.000538604,-0.004792345,0.003934772,-0.015718503,0.002851157,-0.004629759,0.011899016,-0.005289073,0.005017159,2.78E-16
35,    Ap24F17,CRD,KOALA,yes,Slave,5879,68050,6126,258100,122800,5.28,188.9,6721,611,21.06,343.2,0.27,112.6,0.25,1.14,6.51,3.81,0.18,0.021803922,0.003945813,0.02,0.02,5.49,7.94,5.53,9.27,8.53,-1.53,2.05,5.62,3.22,-0.14,2.65,-4.50,1.53,-4.58,-3.06,-1.32,-1.85,-4.91,-7.02,-8.73,-7.10,-7.10,0.129797993,0.209455175,0.202288817,-0.070358143,0.141588275,-0.009273036,0.033010222,-0.025294101,-0.045404728,0.006911359,0.022332609,-0.005960521,-0.052016422,-0.018994109,0.004079651,0.014897033,0.016765863,-0.035407047,-0.002705586,0.006316304,0.00402142,-2.60E-18
36,    Ap24F19,CRD,KOALA,yes,Slave,12700,67650,10610,256000,114600,23.36,862.6,13410,515.3,14.02,228.6,0.74,243.3,1.3,8.37,14.33,12.6,0.49,0.04,0.01,0.1,0.02,5.55,7.23,5.37,8.56,7.75,-0.74,2.86,5.61,2.35,-1.25,1.54,-4.20,1.60,-3.63,-1.77,-1.23,-1.36,-4.61,-7.11,-8.50,-6.20,-7.81,0.190346076,-0.069638564,0.021665585,-0.026291415,-0.074100395,-0.082512752,-0.013633013,0.034640391,0.040748525,0.009628144,0.052179323,0.015829673,0.052824682,-0.018037201,-0.017580358,-0.015482952,0.016941361,-0.003635151,-0.005164764,0.00938622,0.000689348,1.60E-16
37,    Ap24F20,CRD,KOALA,yes,Slave,15020,64850,11350,256900,108100,33.85,1006,14160,530.2,15.43,287.6,0.079236017,221.7,3.08,14.5,1.09,10.95,0.62,0.1,0.01,0.03,0.01,5.87,7.33,5.59,8.71,7.85,-0.22,3.17,5.81,2.53,-1.01,1.92,-6.28,1.66,-2.62,-1.07,-3.66,-1.35,-4.22,-6.05,-8.35,-7.25,-8.35,0.048695907,0.035174075,-0.166696672,0.080826728,-0.079062551,-0.130908617,0.003178771,-0.00763526,0.002089611,-0.013752052,-0.00651943,-0.001881857,-0.005306963,-0.007251991,-0.014751215,-0.002287215,-0.007047355,0.011569873,0.003473487,-0.012474041,0.00297663,3.47E-16
38,    Ap24F21,CRD,KOALA,yes,Slave,3145,70770,5900,258000,115600,4.19,185.9,4713,496.9,18.7,307.6,0.039584866,106.7,0.36,0.69,0.61,3.11,0.1,0.023262949,0.004443984,0.01,0.005306439,5.26,8.38,5.89,9.67,8.87,-1.36,2.44,5.67,3.42,0.14,2.94,-6.02,1.88,-3.81,-3.16,-3.28,-1.65,-5.09,-6.55,-8.21,-7.39,-8.03,0.002319476,0.362602807,0.14176469,0.027299427,0.175449733,-0.071204328,0.008659881,-0.019552389,0.008696745,-0.023148129,-0.034272166,-0.014383959,0.006158228,-0.035032595,-0.042653342,0.051635585,0.00051871,0.026702337,0.008005606,-0.007019682,0.003787464,7.29E-16
39,    Ap24F22,CRD,KOALA,yes,Slave,14580,67080,9897,257300,115200,27.83,1042,16270,508.5,14.1,248.5,0.34,187,1.94,10.12,12.93,7.9,0.43,0.04,0.006565158,0.07,0.03,5.73,7.26,5.34,8.60,7.80,-0.53,3.09,5.84,2.37,-1.21,1.66,-4.94,1.37,-3.20,-1.54,-1.30,-1.79,-4.70,-7.08,-8.88,-6.52,-7.36,0.175045528,-0.043951354,0.039548951,-0.027125286,-0.133775406,-0.039753278,0.051944953,0.021209214,-0.006910861,-0.00026684,0.033728213,-0.035597986,0.006471392,-0.010793193,0.004647768,0.004330352,-0.00047552,0.023929063,-0.014452415,-0.00125753,0.001851441,1.14E-16
40,    Ap24B03,CRD,PANDA,yes,Slave,9867,66810,8244,259200,126100,15.86,470.1,9435,565.9,18.88,290.4,2.45,253.2,1.13,7.44,48.11,11.71,0.44,0.08,0.02,0.25,0.08,5.09,7.01,4.91,8.36,7.64,-1.34,2.05,5.05,2.24,-1.17,1.57,-3.21,1.43,-3.98,-2.10,-0.23,-1.64,-4.92,-6.63,-8.02,-5.49,-6.63,0.292185742,-0.188505178,0.126066973,0.022921013,0.023157127,0.061678589,-0.050310288,-0.020757228,0.040670554,-0.005145481,0.009278856,0.020497569,0.0209822,-0.012555214,-0.030059478,-0.005953466,-0.028016909,-0.030876753,0.019069125,-0.002074128,0.007479156,3.57E-16
41,    Ap24B04,CRD,PANDA,yes,Slave,12700,59310,8055,257000,116700,20.68,1084,12570,581,16.14,244.9,0.32,171.5,0.88,5.32,2.33,6.65,0.41,0.07,0.005738584,0.03,0.02,5.82,7.36,5.37,8.83,8.04,-0.60,3.36,5.81,2.74,-0.85,1.87,-4.77,1.52,-3.76,-1.96,-2.78,-1.73,-4.52,-6.29,-8.79,-7.13,-7.54,0.09668865,0.059456555,0.003782735,0.040171312,-0.076206609,-0.060850182,0.077181518,0.004055345,-0.030671539,0.016361694,0.004367642,0.037913127,-0.025638038,0.050929075,0.004972985,-0.005666689,-0.00105431,-0.029425238,-0.013432484,0.008799725,0.006364097,1.52E-17
42,    Ap24B05,CRD,PANDA,yes,Slave,18990,53900,11530,257700,109700,62.53,137.3,19360,510.6,15.49,232,9.34,798.3,9.29,98.07,89.15,66.5,3.25,0.24,0.03,0.57,0.15,5.05,6.09,4.55,7.65,6.80,-0.67,0.12,5.07,1.43,-2.07,0.64,-2.57,1.88,-2.58,-0.22,-0.32,-0.61,-3.63,-6.23,-8.31,-5.37,-6.70,0.410780434,-0.588555991,-0.226274816,-0.057993211,0.081377914,-0.064558775,-0.203147941,-0.049392908,-0.035927628,0.059444449,0.020849989,0.002745543,-0.074655124,-0.041342311,-0.005711983,0.023193049,-0.005904383,-0.00857615,0.018723784,0.004368699,0.009267559,4.77E-16
43,    Ap24B06,CRD,PANDA,yes,Slave,6253,64820,6482,258800,129900,10,247.3,4944,599.3,21.8,351.4,0.06326185,133.1,0.35,0.87,0.57,3.87,0.18,0.023696222,0.004697831,0.01,0.005670508,5.76,8.10,5.79,9.48,8.79,-0.68,2.53,5.52,3.41,0.10,2.88,-5.74,1.91,-4.03,-3.12,-3.55,-1.63,-4.70,-6.73,-8.34,-7.59,-8.16,-0.014845019,0.32388478,0.079429532,-0.008633316,0.13618885,-0.096337517,0.003749394,-0.022561785,0.004546498,-0.006484901,0.019211226,-0.004094853,-0.038889819,0.014541422,-0.013668365,-0.006564337,0.005125072,-0.001346531,0.006943253,-0.003785465,-0.004350578,-2.78E-17
44,    Ap24B07,CRD,PANDA,yes,Slave,12840,57810,9521,258400,123600,22.63,1198,10220,600.1,18.58,313.2,1.69,212.1,1.56,6.78,14.3,8.83,0.38,0.04,0.006276377,0.13,0.1,5.47,6.98,5.17,8.47,7.74,-0.87,3.10,5.24,2.41,-1.07,1.76,-3.46,1.37,-3.54,-2.08,-1.33,-1.81,-4.96,-7.21,-9.06,-6.03,-6.29,0.230650038,-0.107670767,0.124325899,-0.065892491,-0.10959743,0.054546624,0.111426807,-1.23E-05,0.036051196,0.029353547,-0.001841508,0.012843753,-0.03039581,0.027746365,0.004365111,-0.006303345,-0.000927528,0.033700638,0.014485724,0.002214017,0.001124364,1.39E-16
45,    Ap24B08,CRD,PANDA,yes,Slave,5655,57610,3606,259500,137500,47.26,281,7244,364.4,12.66,227.2,0.015027719,558.2,1.84,11.54,0.63,12.26,0.59,0.04,0.01,0.03,0.01,5.23,7.55,4.78,9.05,8.42,0.44,2.22,5.47,2.48,-0.88,2.01,-7.61,2.91,-2.80,-0.97,-3.88,-0.91,-3.94,-6.63,-8.02,-6.92,-8.02,0.121518639,0.035746979,-0.220833428,0.020547031,0.095196587,-0.136194892,-0.058465692,-0.024002413,0.062313207,0.031968116,0.047295885,-0.114663847,0.022366501,0.077914501,-0.036337905,0.0554017,-0.021590428,0.027046384,-0.001463002,-0.00050507,0.005515025,7.04E-16
46,    Ap24B09,CRD,PANDA,yes,Slave,5650,76800,6214,258700,135600,9.27,214.6,5414,601.8,22.2,346.8,0.34,129.6,0.33,0.87,63.8,3.98,0.19,0.01998069,0.006541749,0.03,0.03,5.23,7.84,5.33,9.06,8.41,-1.18,1.96,5.19,3.00,-0.30,2.44,-4.48,1.46,-4.51,-3.54,0.75,-2.02,-5.07,-7.32,-8.43,-6.91,-6.91,0.174634096,0.117534195,0.267147132,-0.051832462,0.130958687,0.042798155,0.012575149,-0.046108396,-0.028280182,-0.011187212,0.097777821,-0.043635953,-0.002624071,-0.039823781,0.017428094,-4.27E-05,0.020134307,-0.014804488,-0.022509901,-0.010574581,-0.00513962,-1.94E-16
47,    Ap24B10,CRD,PANDA,yes,Slave,14950,71940,11870,259500,136600,16.13,821.5,6796,586.9,18.41,340.5,0.34,190.7,2.51,8.76,5.41,9.11,0.58,0.12,0.02,0.04,0.21,5.63,7.20,5.40,8.48,7.84,-1.21,2.72,4.84,2.39,-1.07,1.84,-5.07,1.26,-3.07,-1.82,-2.30,-1.78,-4.53,-6.11,-7.90,-7.21,-5.55,0.143300871,-0.106963302,-0.037910312,0.076822712,0.035575395,0.184447612,0.099552815,-0.004370983,-0.008555321,0.007887602,-0.017296028,-0.008819503,-0.059083449,-0.025288249,-0.016724962,-0.017525799,-0.047807379,-0.008363573,0.006256701,0.005306668,0.014381404,2.91E-16
48,    Ap24B11,CRD,PANDA,yes,Slave,18150,63840,11920,258600,126200,25.17,65.28,17620,440.8,12.92,240.9,0.16,1510,0.46,23.47,1.76,90.69,0.9,0.022236957,0.006983622,0.09,0.16,5.92,7.17,5.50,8.57,7.85,-0.67,0.29,5.89,2.20,-1.33,1.59,-5.72,3.43,-4.67,-0.74,-3.33,0.62,-4.00,-7.70,-8.86,-6.30,-5.72,0.360548168,-0.170056462,-0.251413316,-0.35548115,0.32337229,-0.035614329,-0.051568707,0.141669912,0.026368719,0.052202046,-0.0577792,0.021832866,0.003944236,0.047893478,0.027095569,-0.016017344,0.054654051,0.002738331,-0.01711418,-0.002311442,0.008474022,6.66E-16
49,    Ap24B12,CRD,PANDA,yes,Slave,15910,61600,12370,259000,132800,20.02,854.8,9423,571.9,18.66,321.9,0.24,192.2,1.86,7.13,5.48,9.2,0.37,0.1,0.007323493,0.03,0.05,5.86,7.21,5.61,8.65,7.98,-0.82,2.93,5.33,2.53,-0.89,1.96,-5.24,1.44,-3.20,-1.85,-2.12,-1.60,-4.81,-6.12,-8.73,-7.32,-6.81,0.124296957,-0.010794783,-0.008948429,0.026271606,-0.040287262,0.03744393,0.082339313,-0.017055813,-0.043342513,-0.019701051,-0.035923414,0.042445582,-0.02207089,-0.00719619,0.037103247,0.003311415,0.00090313,0.035596575,0.002720016,-0.021475958,-0.005423727,-1.09E-16
50,    Ap24B13,CRD,PANDA,yes,Slave,14880,62690,8970,259200,128200,26.06,585.4,16620,641.4,18.49,339,3.14,265.3,1.45,8.02,36.5,10.31,0.5,0.04,0.006247489,0.18,0.15,5.47,6.91,4.96,8.33,7.62,-0.88,2.23,5.58,2.33,-1.22,1.69,-2.99,1.44,-3.77,-2.06,-0.54,-1.81,-4.83,-7.36,-9.21,-5.85,-6.04,0.304367255,-0.176009041,0.1396888,-0.121727917,-0.054278446,0.046132213,0.069408386,-0.006856937,-0.017286158,0.028141862,0.010692077,-0.014114065,-0.066483229,0.02288557,0.010031033,-0.012546178,-0.00538613,0.020699461,0.004623703,0.002097509,0.004671657,2.01E-16
51,    Ap24B14,CRD,PANDA,yes,Slave,14420,60960,9790,258300,128400,15.85,224.8,15730,557.5,18.82,363.9,0.084502332,270.5,0.67,8.9,2.64,11.73,0.48,0.024900795,0.005458649,0.03,0.02,6.02,7.46,5.63,8.90,8.20,-0.80,1.86,6.10,2.76,-0.62,2.34,-6.03,2.04,-3.96,-1.37,-2.59,-1.10,-4.29,-7.25,-8.77,-7.07,-7.47,0.167824947,0.090208902,-0.065259237,-0.142092955,0.08839429,-0.08900444,-0.016312893,0.030019317,-0.01628281,-0.007260399,0.025224676,-0.022742401,-0.059206646,-0.010564771,0.013972253,-0.009987145,0.029066381,-0.019827138,0.009596399,-0.015357589,0.00438356,3.32E-16
52,    Ap24B15,CRD,PANDA,yes,Slave,12790,57420,6352,256200,132100,44.17,1402,19540,709.8,17.36,279,6.32,334.5,2.22,13.95,72.79,15.93,0.67,0.07,0.007065607,0.64,0.17,5.03,6.54,4.33,8.03,7.37,-0.63,2.82,5.46,2.14,-1.57,1.21,-2.58,1.39,-3.62,-1.79,-0.13,-1.65,-4.82,-7.08,-9.38,-4.87,-6.19,0.380509075,-0.30130214,0.134007828,-0.060732703,-0.147875789,-0.007410575,0.092243314,-0.029323834,0.042611504,0.067907214,-0.006529817,0.006353336,-0.021423104,0.07708208,0.019862405,-0.001351628,-0.012944553,0.006188059,0.009787537,-0.000957824,-0.011055303,-5.31E-16
53,    Ap24B16,CRD,PANDA,yes,Slave,12330,64470,9983,256100,128900,27.53,1208,12410,593.3,17.2,229.5,0.15,343.7,1.9,10.08,5.91,15.39,0.61,0.08,0.02,0.04,0.02,5.52,7.18,5.31,8.55,7.87,-0.58,3.20,5.53,2.49,-1.05,1.54,-5.80,1.94,-3.26,-1.59,-2.12,-1.16,-4.39,-6.42,-7.81,-7.12,-7.81,0.130282088,-0.039666298,-0.105704949,0.106130423,-0.020606579,-0.064368128,0.012321854,0.037577182,0.056780689,-0.010001516,0.065722111,0.023317479,0.052853592,-0.00235411,-0.000768027,-0.023845903,0.009216829,-0.008769931,0.015381698,-0.006809215,0.013495632,8.55E-16
54,    Ap24B17,CRD,PANDA,yes,Slave,14220,68540,8319,255400,148800,39.58,615.7,16300,603.9,16.38,329.7,1.65,437.7,2.18,15.71,37.93,20.43,0.91,0.07,0.02,0.26,0.09,5.23,6.81,4.70,8.12,7.58,-0.65,2.09,5.37,2.07,-1.53,1.47,-3.83,1.75,-3.55,-1.57,-0.69,-1.31,-4.42,-6.99,-8.24,-5.68,-6.74,0.314074333,-0.250157221,-0.009528704,-0.024998915,-0.007033125,-0.003484948,-0.027887983,-0.012260976,0.046063947,0.016865058,0.052917464,-0.020984544,0.001068706,0.013112479,-0.027270773,-0.033569571,-0.017518826,-0.015106594,0.016791566,0.001565011,-0.000593395,6.07E-17
55,    Ap24B18,CRD,PANDA,yes,Slave,2127,74840,2578,257700,147200,8.17,98.82,3125,750.8,26.98,340.6,0.22,99.6,0.1,0.35,6.22,2.3,0.06,0.028014966,0.01,0.02,0.01,4.73,8.29,4.92,9.53,8.97,-0.83,1.66,5.12,3.69,0.36,2.90,-4.44,1.67,-5.23,-3.98,-1.10,-2.10,-5.74,-6.51,-7.54,-6.84,-7.54,0.107546338,0.308199584,0.383671365,0.102982112,0.292103528,0.015103985,-0.071502418,-0.069049456,0.023851038,-0.074668057,0.000199196,-0.0415923,0.022762367,0.063736352,0.001230465,0.000444421,0.003822231,-0.01939432,0.030573261,0.009720882,0.001988027,3.76E-16
56,    Ap24B19,CRD,PANDA,yes,Slave,7608,66060,2745,257800,164200,51.79,309.8,8577,379.5,13.71,250.1,0.096919361,876.7,3.17,22.12,26.06,22.37,1.08,0.13,0.01,0.06,0.04,4.95,7.11,3.93,8.47,8.02,-0.04,1.75,5.07,1.95,-1.37,1.54,-6.32,2.79,-2.83,-0.89,-0.73,-0.88,-3.91,-6.03,-8.59,-6.80,-7.21,0.292626251,-0.210240926,-0.199303518,0.025167086,0.073649021,-0.080951257,-0.031469042,-0.123193215,-0.054721752,0.065274632,0.065787839,-0.083523389,0.056940573,0.068405334,0.026196811,0.080606206,-0.018882365,0.005848042,-0.003475072,-0.005215178,-0.007615327,-1.80E-16
57,    Ap24B20,CRD,PANDA,yes,Slave,13020,66200,11230,257200,131000,20.03,1344,6163,613.2,18.12,313.2,0.12,245.7,2.22,12.28,1.58,12.31,0.58,0.12,0.00700767,0.04,0.01,5.73,7.36,5.58,8.71,8.04,-0.75,3.46,4.98,2.68,-0.85,2.00,-5.86,1.76,-2.95,-1.23,-3.29,-1.23,-4.29,-5.86,-8.70,-6.96,-8.35,0.061546612,0.06374338,-0.12990917,0.072400456,-0.085735715,-0.127061755,0.028175775,-0.056002108,0.025261338,0.051379074,-0.033012831,0.058500309,0.018871437,-0.010157825,0.018602366,0.002418278,0.011220704,-0.006359845,0.007433665,-0.010522489,-0.006254161,-2.32E-16
58,    Ap24B21,CRD,PANDA,yes,Slave,14220,70950,8408,256700,129400,23.19,770.6,15880,617.6,18.95,341.1,0.08373791,203.4,0.85,4.93,1.44,7.83,0.38,0.026135212,0.004863023,0.03,0.01,6.05,7.66,5.52,8.94,8.26,-0.37,3.13,6.16,2.91,-0.57,2.32,-5.99,1.80,-3.68,-1.92,-3.15,-1.46,-4.48,-7.16,-8.84,-7.02,-8.12,0.082316758,0.168151223,-0.012314463,-0.058502097,-0.040173961,-0.138688572,0.051768425,0.025110178,0.014366531,0.003393416,0.030482904,-0.026528233,-0.009918392,0.024936748,-0.002200249,-0.030851876,0.008084198,-0.005594888,0.007677517,-0.010843817,-0.003934167,-6.59E-17
59,    Ap24G26,CRD,PANDA,yes,Slave,12020,79380,10180,256300,123900,15.97,376.1,6797,524.4,17.43,305.9,0.059438504,230.7,1.09,7.01,0.61,11.12,0.41,0.06,0.006226564,0.02,0.007407219,5.97,7.85,5.80,9.03,8.30,-0.66,2.50,5.40,2.83,-0.57,2.30,-6.25,2.01,-3.34,-1.48,-3.92,-1.02,-4.32,-6.24,-8.51,-7.34,-8.33,0.031877887,0.160185754,-0.123220477,-0.011172314,0.06551231,-0.134500882,-0.031383769,-0.012819303,-0.013118179,0.022044776,-0.041313777,0.009959969,0.021054058,-0.018123021,-0.002244881,-0.001675929,0.011034772,-0.000659874,0.002729189,-0.001805351,-0.001438438,6.25E-17
60,    Ap27C13,CRD,KIT,no,Slave,18980,73660,18420,253800,147000,26.15,452.3,8189,435.7,189.8,3.504525136,80.05,0.672767635,1.17,0.14,0.72,0.73,0.08,0.04,0.02,0.01,0.006718576,6.74,8.10,6.71,9.33,8.79,0.15,3.00,5.90,2.97,2.13,-1.86,1.27,-3.51,-2.95,-5.08,-3.44,-3.43,-5.64,-6.33,-7.02,-7.72,-8.11,-0.40830841,-0.126628382,0.481079038,0.326772459,-0.118680896,0.03734449,-0.169480179,0.496845748,-0.200231234,0.071835835,0.0167154,-0.015293214,0.005333456,-0.004859394,-0.003701648,0.032003738,0.001542302,-0.010445525,0.028024597,-0.005901641,-0.007717052,-7.08E-16
61,    Ap27E13,CRD,KIT,no,Slave,30660,51290,18510,257900,143.5897047,350.3,353.1,210.4,184,266,72.17,86.89,0.87,5.17,0.026974497,0.050475964,3.99,0.32,0.021071561,0.003900362,0.003112008,0.005719402,7.61,8.12,7.11,9.74,2.25,3.14,3.15,2.63,2.49,2.86,1.56,1.74,-2.86,-1.08,-6.33,-5.71,-1.34,-3.86,-6.58,-8.27,-8.49,-7.88,-0.77509706,-0.186610057,0.026469467,-0.169921417,0.044396617,-0.091996954,0.053798556,-0.022510574,-0.000323917,0.017285145,0.025765024,0.006348039,-0.006550626,0.008170659,-0.02305967,-0.00093855,0.014462334,-0.007940966,0.006910188,-0.011666535,0.00205582,3.28E-16
62,    Ap27E14,CRD,KIT,no,Slave,36900,45900,21300,259800,123.9900646,489.3,430.5,195.2,191.6,150.6,67.91,51.58,0.74,6.08,0.031993982,0.052550439,2.63,0.23,0.024243475,0.0050009,0.003333985,0.003378982,7.85,8.07,7.30,9.80,2.15,3.53,3.40,2.61,2.59,2.35,1.55,1.28,-2.97,-0.86,-6.11,-5.61,-1.70,-4.14,-6.39,-7.96,-8.37,-8.36,-0.805434994,-0.150823093,0.056911345,-0.099213546,-0.023848357,-0.091517399,0.011050854,-0.019607379,0.024773246,-0.047018888,0.017982243,0.000723398,-0.008091194,-0.003553391,0.000456509,-0.016371684,-0.014125494,0.016305475,-0.017324104,0.005645895,-0.00142343,-2.91E-16
63,    Ap27E15,CRD,KIT,no,Slave,31500,48950,17420,258100,173.5146213,380.3,352.8,173.4,173,243.9,60.68,65.49,0.405935346,4.91,0.27,0.083220591,2.62,0.18,0.025100926,0.003959514,0.01,0.00577771,7.56,8.00,6.97,9.66,2.36,3.14,3.07,2.36,2.35,2.70,1.31,1.38,-3.70,-1.21,-4.11,-5.29,-1.84,-4.52,-6.49,-8.33,-7.41,-7.95,-0.693782982,-0.211351209,0.119144454,-0.135468564,-0.084985642,-0.030278036,-0.040120235,-0.016743044,0.021707286,-0.024768116,-0.086450942,-0.054469515,0.010305229,0.010568961,0.01761598,0.035889847,0.030816648,-0.018816511,0.030287573,0.000166899,0.006050345,3.19E-16
64,    Ap27E16,CRD,KIT,no,Slave,32000,51580,18120,257600,169.502981,342,331.1,197.6,180.3,262.3,63.71,82.32,0.88,4.82,0.025828018,0.066056726,3.61,0.33,0.019707548,0.004264716,0.002980001,0.01,7.63,8.11,7.06,9.72,2.39,3.09,3.06,2.54,2.45,2.83,1.41,1.67,-2.87,-1.17,-6.40,-5.46,-1.46,-3.85,-6.67,-8.20,-8.56,-7.35,-0.757867719,-0.21348929,0.039325758,-0.172311366,0.058343312,-0.033136679,0.068623308,-0.002119011,-0.01194036,0.029021801,0.037558825,-0.009731095,-0.02014744,0.013069257,-0.017500611,-0.001253831,0.005093906,-0.011943649,-0.004355016,-0.00960168,0.004808489,2.60E-16
65,    Ap27E17,CRD,KIT,no,Slave,32180,48740,18110,256900,130.3096509,323.6,380.9,131.7,173.7,213.3,83.17,50.8,0.432031172,4.14,0.02845667,0.067691643,1.93,0.14,0.04,0.00550388,0.001809373,0.01,7.77,8.18,7.19,9.84,2.26,3.17,3.33,2.27,2.55,2.75,1.81,1.32,-3.45,-1.19,-6.17,-5.30,-1.95,-4.58,-5.83,-7.81,-8.93,-7.22,-0.802685848,-0.142398787,0.123259808,-0.059092548,0.031066302,0.070553145,0.067743453,-0.051983782,-0.03189721,-0.087865076,-0.03999919,0.005073476,-0.001635921,0.011659914,0.008991477,0.002304407,-0.011059329,0.005617297,0.004978313,-0.004414239,-0.000604567,-1.30E-16
66,    Ap27E18,CRD,KIT,no,Slave,26520,51160,18880,255500,160.8347894,346.7,367.6,131,198.5,160.6,61.11,49.54,0.480491683,8.02,0.14,0.32,2.38,0.16,0.04,0.006670039,0.01,0.01,7.31,7.97,6.97,9.58,2.20,2.97,3.03,2.00,2.42,2.20,1.24,1.03,-3.61,-0.79,-4.84,-4.01,-2.01,-4.71,-6.09,-7.89,-7.48,-7.48,-0.679356124,-0.253197804,0.160869891,-0.043659525,-0.043114187,0.036368996,-0.018862419,-0.043471417,0.032618571,-0.049923647,-0.072340565,-0.052182663,0.017184405,-0.039052234,0.042453333,0.031045573,-0.007353488,0.014339231,-0.002944247,0.001787772,0.000309149,-1.31E-16
67,    Ap27E19,CRD,KIT,no,Slave,30140,51400,19750,258100,72.9998379,413.1,389.8,149.3,210.1,137.1,62.93,146.6,0.86,5.76,0.029857452,0.22,7.22,0.33,0.028161562,0.01,0.006833624,0.02,7.38,7.91,6.96,9.53,1.36,3.09,3.03,2.07,2.41,1.99,1.21,2.05,-3.09,-1.18,-6.45,-4.45,-0.96,-4.04,-6.50,-7.54,-7.92,-6.85,-0.703575774,-0.337068264,0.040373038,-0.129204767,0.123697477,0.00273358,0.073290483,0.002738156,0.092580874,-0.018461736,0.012555961,0.020239791,0.041420387,-0.017137863,0.009291992,-0.028757931,-0.005052366,-0.024586946,-0.019250279,0.028138225,-0.007988003,-9.38E-16
68,    Ap27E20,CRD,KIT,no,Slave,40010,48590,23430,258000,142.238637,430.6,419.7,172.6,197.1,133,55.57,61.4,1.01,9.47,0.032786458,0.062747945,3.07,0.26,0.027080187,0.005482709,0.004479693,0.003272651,7.85,8.05,7.32,9.72,2.22,3.32,3.30,2.41,2.54,2.15,1.28,1.37,-2.73,-0.49,-6.16,-5.51,-1.62,-4.09,-6.35,-7.95,-8.15,-8.46,-0.796707604,-0.18955746,0.041490624,-0.087860299,-0.027299558,-0.108166827,-0.011287532,-0.008575431,0.029484641,-0.014544141,0.015575831,0.006789093,0.003837434,-0.031556889,0.008461236,-0.012009235,-0.034562283,0.039842164,-0.020163437,0.010498887,-6.02E-06,-3.40E-16
69,    Ap27E21,CRD,KIT,no,Slave,33010,50040,16470,258000,163.3969632,320.3,329.1,185,164.6,267.1,69.39,76.9,0.86,4.45,0.026085945,0.043704865,3.66,0.34,0.04,0.004398342,0.001582064,0.005511278,7.72,8.14,7.03,9.78,2.41,3.09,3.11,2.54,2.42,2.90,1.56,1.66,-2.83,-1.19,-6.33,-5.81,-1.39,-3.76,-5.90,-8.11,-9.13,-7.88,-0.801703059,-0.182904369,-0.019458195,-0.109776625,0.065289375,-0.064547199,0.046048207,-0.048699877,-0.0630153,0.004927122,0.025667549,0.036087445,-0.002091829,0.024557375,-0.019426366,0.008761256,0.007810099,-0.030428216,0.004304821,-0.009359645,0.002290077,2.65E-16
70,    Ap27E22,CRD,KIT,no,Slave,32660,49470,16960,256900,143.3628398,323.2,330.4,190.6,178,271,71.15,75.19,0.81,4.46,0.025306601,0.052248813,3.25,0.25,0.018660576,0.003475888,0.003008306,0.00524299,7.74,8.16,7.09,9.81,2.31,3.13,3.15,2.60,2.53,2.95,1.61,1.67,-2.86,-1.16,-6.33,-5.60,-1.47,-4.04,-6.63,-8.31,-8.46,-7.90,-0.776237551,-0.160479379,0.062963201,-0.175678455,0.031672824,-0.078448341,0.047243077,-0.022468565,-0.005388585,0.003547705,0.019352105,0.001458257,-0.002914207,0.013724225,-0.00984564,0.003286384,0.005598654,-0.00106402,0.014175434,-0.013127581,0.002662043,1.87E-16
71,    Ap27F03,CRD,KIT,no,Slave,33440,49210,16510,256300,105800,17.33,375,226.1,175.4,30.63,277,0.031161588,75.64,0.74,4.15,0.058386821,3.45,0.36,0.023316143,0.004655528,0.002516277,0.01,7.55,7.94,6.85,9.59,8.71,-0.01,3.06,2.56,2.30,0.56,2.76,-6.33,1.46,-3.17,-1.44,-5.70,-1.63,-3.89,-6.62,-8.23,-8.85,-7.47,-0.2617557,0.223231128,-0.239693035,-0.13470483,-0.021627017,0.165212608,-0.054312137,-0.041666314,-0.026364981,0.060097702,0.044231315,0.017218852,-0.016942043,-0.006382432,-0.011686354,0.002948049,-0.004550111,-0.00778356,0.004117183,0.006344737,-0.00854363,-7.07E-16
72,    Ap27F04,CRD,KIT,no,Slave,30010,51900,16620,255900,108100,19.47,329,220.9,183.7,33.06,275.7,0.035257829,77.36,0.68,4.38,0.059994584,3.72,0.31,0.02359152,0.005102422,0.003247861,0.01,7.42,7.97,6.83,9.57,8.71,0.08,2.91,2.51,2.33,0.61,2.73,-6.23,1.46,-3.27,-1.41,-5.70,-1.57,-4.06,-6.63,-8.16,-8.62,-7.49,-0.248424194,0.219152919,-0.211525758,-0.132621824,-0.003094459,0.164328348,-0.076615684,-0.037672499,-0.011390812,0.051331283,0.020984138,0.013328544,-0.001255396,0.000322855,-0.010892138,-0.000694284,0.003199668,0.001887656,0.008429007,0.001940816,-0.00778467,-5.79E-16
73,    Ap27F05,CRD,KIT,no,Slave,30950,50670,18690,257700,118700,27.14,374.4,138.3,194.4,33.91,160.3,0.030672717,53.06,0.56,8.59,0.072818824,2.15,0.19,0.021411514,0.005828609,0.007063393,0.01,7.47,7.96,6.96,9.59,8.81,0.43,3.05,2.06,2.40,0.65,2.21,-6.36,1.10,-3.45,-0.72,-5.49,-2.11,-4.53,-6.72,-8.02,-7.82,-7.48,-0.24786437,0.211481489,-0.098439118,-0.084269905,-0.088383921,0.221775818,-0.142872676,0.01463974,0.028366013,0.052914282,-0.025875525,-0.022843501,0.007917013,0.017515285,0.031196873,0.002305977,-0.002466126,0.007912237,-0.013595289,0.003453256,0.008592439,1.87E-16
74,    Ap27F06,CRD,KIT,no,Slave,32920,50840,19230,256200,114500,26.79,369.6,192.7,187.2,37.42,271.6,0.049399437,70.78,0.33,5,0.077464491,2.36,0.16,0.015644742,0.004480523,0.006436819,0.01,7.53,7.97,6.99,9.58,8.78,0.42,3.04,2.39,2.36,0.75,2.73,-5.88,1.39,-3.98,-1.26,-5.43,-2.01,-4.70,-7.03,-8.28,-7.92,-7.47,-0.220958565,0.258344436,-0.062375497,-0.163517888,-0.076664552,0.215993093,-0.115177609,-0.012380292,0.020868887,0.011274682,-0.014926924,0.009527332,0.017411454,0.039205939,0.003245376,-0.02323808,0.012531642,0.018066171,-0.000222209,-0.010599897,0.005126022,3.35E-16
75,    Ap27F07,CRD,KIT,no,Slave,31470,53670,17090,256900,116300,21.07,345.5,206.1,182.8,32.02,268.4,0.025567702,85.06,0.83,4.59,0.065129946,3.95,0.34,0.05,0.01,0.002032794,0.01,7.41,7.94,6.80,9.51,8.72,0.10,2.90,2.38,2.26,0.52,2.64,-6.62,1.49,-3.14,-1.43,-5.68,-1.58,-4.03,-5.94,-7.55,-9.15,-7.55,-0.276857845,0.199294026,-0.264537254,-0.023795366,0.031464362,0.197870352,-0.102479598,-0.049275139,-0.032196859,0.015014988,0.028788857,0.032017338,0.018530327,-0.006161935,-0.0124187,-0.007819174,-0.011606975,-0.007262944,0.010375726,0.000885667,-0.003504629,-3.92E-16
76,    Ap27F08,CRD,KIT,no,Slave,38100,48490,19300,256300,111400,28.08,461.3,129.4,191.4,35.13,117,0.025368346,40.26,0.58,7.54,0.032317202,1.3,0.18,0.018654335,0.00401512,0.006243594,0.001460988,7.88,8.12,7.20,9.79,8.95,0.67,3.47,2.19,2.59,0.89,2.09,-6.34,1.03,-3.21,-0.65,-6.10,-2.41,-4.38,-6.65,-8.19,-7.74,-9.20,-0.353613271,0.316602634,-0.096976182,-0.048513289,-0.20123446,0.074386055,-0.223481062,0.016326931,0.017870115,0.073030409,-0.000356137,-0.014453578,0.012979514,0.006679354,0.035946362,0.003759632,-0.013578587,-0.002653897,-0.017218401,0.004905493,0.012367025,1.32E-16
77,    Ap27F09,CRD,KIT,no,Slave,12860,75400,8419,256900,125000,14.68,1126,3061,529,18.68,177.9,0.04198709,133.5,1.06,4.76,0.86,5.44,0.26,0.1,0.006651796,0.01,0.006431566,6.16,7.93,5.74,9.16,8.44,-0.61,3.73,4.73,2.97,-0.37,1.88,-6.47,1.59,-3.24,-1.74,-3.45,-1.61,-4.65,-5.60,-8.31,-7.91,-8.35,-0.061778213,0.203913208,-0.053681023,0.145141041,-0.045959071,-0.059732168,0.031504027,-0.007527349,-0.027269251,0.032003332,-0.02913176,0.036630832,0.070389262,0.005996049,0.056880671,0.011574167,-0.007270125,-0.010040574,-0.006781051,0.009360699,0.003667972,-1.25E-16
78,    Ap27F10,CRD,KIT,no,Slave,31220,50440,17240,255900,116900,25.66,464,206.7,197.8,36.26,433.1,0.039258763,79.43,0.74,5.13,0.071414493,3.08,0.31,0.025473962,0.004861802,0.003359734,0.01,7.38,7.86,6.79,9.49,8.71,0.28,3.18,2.37,2.32,0.63,3.11,-6.20,1.41,-3.27,-1.33,-5.60,-1.84,-4.14,-6.63,-8.29,-8.66,-7.57,-0.247777096,0.244057775,-0.191427416,-0.128233578,-0.058011451,0.179858375,-0.059146199,-0.09360672,-0.005560324,0.029199529,0.028700462,0.010265024,-0.022895388,0.012927086,-0.017362018,-0.018051864,0.010529765,0.010383403,0.017492407,-0.005662304,-0.008760812,-3.00E-16
79,    Ap27F11,CRD,KIT,no,Slave,31290,53530,17430,255900,118500,24.41,390,237.8,199.5,36.03,307.7,0.041160278,89.45,0.8,5.41,0.064451364,4.08,0.37,0.025241925,0.005197411,0.00395152,0.01,7.36,7.90,6.78,9.46,8.69,0.21,2.98,2.48,2.31,0.60,2.74,-6.18,1.51,-3.21,-1.30,-5.73,-1.58,-3.98,-6.67,-8.25,-8.52,-7.59,-0.239701886,0.205494689,-0.222827824,-0.13354298,-0.025518824,0.147940893,-0.076219955,-0.050946989,-0.004798619,0.062136514,0.026025105,0.009702845,-0.00880918,0.006754158,-0.013301381,-0.011313864,0.00955366,0.003460992,0.010674231,-0.002614445,-0.006522467,-3.57E-16
80,    Ap22D05,CRD,NEW ELANDS,no,Kaapvaal,17740,42030,12600,257600,96350,17.83,357.6,13720,399.8,10.75,194.6,0.13,225.4,0.31,28.41,5.67,17.21,0.24,0.015799354,0.01,0.15,0.21,6.05,6.91,5.70,8.72,7.74,-0.86,2.14,5.79,2.25,-1.36,1.53,-5.78,1.68,-4.91,-0.39,-2.00,-0.89,-5.16,-7.89,-8.34,-5.63,-5.30,0.334535736,-0.108738288,0.0248093,-0.20051781,0.043215693,0.162988673,0.022683054,0.190368417,0.12113879,-0.073441297,-0.063537881,0.00611598,0.01216942,0.043197813,0.040111161,-0.006557493,0.027942653,-0.019571551,-0.006653297,-0.000580604,0.00432982,1.39E-17
81,    Ap22D06,CRD,NEW ELANDS,no,Kaapvaal,13070,48980,10900,254600,106500,49.87,720.3,10440,442.6,14.08,265.9,0.23,153.1,2.32,20.58,7.47,7.9,0.39,0.2,0.02,0.03,0.03,5.58,6.90,5.40,8.55,7.68,0.01,2.68,5.36,2.20,-1.25,1.69,-5.36,1.14,-3.05,-0.87,-1.88,-1.83,-4.84,-5.50,-7.81,-7.40,-7.40,0.122702059,-0.104111986,-0.062623691,0.166783429,-0.070614776,0.051080194,-0.046941656,-0.034180577,-0.036068415,-0.118614376,-0.01367882,0.015050372,-0.006631632,0.017622259,0.011696811,0.011698154,0.008130102,0.021593226,-0.000443921,-0.011364541,0.006215483,4.12E-16
82,    Ap22D07,CRD,NEW ELANDS,no,Kaapvaal,15170,46560,10660,256000,108500,46.08,918.2,11990,381.3,12.28,283.2,0.17,115.7,1.66,22.04,3.67,6.32,0.37,0.11,0.02,0.04,0.03,5.82,6.94,5.47,8.65,7.79,0.02,3.02,5.59,2.14,-1.30,1.84,-5.58,0.95,-3.30,-0.71,-2.51,-1.96,-4.80,-6.01,-7.72,-7.02,-7.31,0.118166294,-0.067225097,-0.056665584,0.12263256,-0.116828413,0.07229495,-0.035405975,0.00346017,0.0083282,-0.12730224,-0.001212654,-0.009409498,-0.012291197,0.031034815,-0.029900224,-0.001303692,-0.011886201,-0.006181538,0.001188703,-0.003927378,-0.000302191,8.39E-17
83,    Ap22D08,CRD,NEW ELANDS,no,Kaapvaal,18560,48890,11930,255700,102600,14.43,155.5,13890,370.1,9.8,185.1,0.089969039,233.1,0.28,4.97,0.72,17.55,0.22,0.009862783,0.006458417,0.06,0.03,6.51,7.48,6.06,9.13,8.22,-0.65,1.72,6.22,2.59,-1.04,1.90,-5.73,2.13,-4.60,-1.72,-3.65,-0.46,-4.84,-7.94,-8.36,-6.14,-6.83,0.187656519,0.054133101,-0.033777899,-0.246560777,0.144673412,-0.026368123,-0.047334355,0.198151363,0.089444296,-0.055340932,-0.041270832,0.024143365,0.027425436,0.020841326,0.001184423,-0.020120202,0.00201336,0.012150039,-0.003913851,0.004389433,-0.024916336,-1.19E-15
84,    Ap22D09,CRD,NEW ELANDS,no,Kaapvaal,14520,44710,9647,253700,111000,44.59,712.3,12300,451.7,14.9,315.4,0.086636,143.4,1.82,19.84,3.7,6.84,0.45,0.09,0.01,0.02,0.02,5.88,7.00,5.47,8.74,7.91,0.09,2.86,5.71,2.40,-1.01,2.05,-6.15,1.26,-3.11,-0.72,-2.40,-1.79,-4.51,-6.12,-8.31,-7.62,-7.62,0.101892484,-0.005179662,-0.098421794,0.072912267,-0.090390621,-0.008863269,-0.002715982,-0.029085815,-0.033843454,-0.087966848,0.02388147,-0.016729661,-0.05458536,0.025504527,0.020835515,0.011549962,0.021737792,0.00631684,0.00222535,-0.014255864,-0.00045348,2.62E-16
85,    Ap24G16,CRD,NEW ELANDS,no,Kaapvaal,14500,76110,12850,257800,128100,22.95,510.9,13240,420.5,13.62,262,0.086806747,74.22,0.91,7.91,0.4,5.88,0.3,0.021354416,0.006357521,0.04,0.08,6.11,7.77,5.99,8.99,8.29,-0.34,2.76,6.02,2.57,-0.86,2.09,-5.92,0.83,-3.57,-1.41,-4.39,-1.70,-4.68,-7.32,-8.53,-6.69,-6.00,0.081323779,0.07212799,9.68E-05,-0.108819889,-8.76E-05,0.095241834,0.091753041,0.118695186,0.015722497,-0.008443018,-0.077816511,-0.095095496,-0.059929189,0.017373317,-0.063398632,-0.014555302,-0.018254769,0.003686551,-0.034358689,0.007435272,-0.011229509,-4.86E-16
86,    Ap24G17,CRD,NEW ELANDS,no,Kaapvaal,14330,78050,11570,256300,147400,23.44,1296,10320,423.4,16.24,248.2,0.032496422,229.5,4.23,21.8,2.4,22.05,0.91,0.12,0.02,0.01,0.11,5.66,7.35,5.45,8.54,7.99,-0.76,3.26,5.33,2.14,-1.12,1.60,-7.34,1.53,-2.47,-0.83,-3.03,-0.82,-4.00,-6.03,-7.82,-8.52,-6.12,0.090547918,-0.09142116,-0.293997514,0.090127348,0.048456418,0.095129254,0.151447133,0.050071728,-0.019702994,0.009373723,0.023240519,-0.027800386,0.043099014,-0.030693177,-0.009294783,0.014414923,0.020482151,0.001853748,0.00934872,-0.000556098,-0.000554638,2.26E-16
87,    Ap24G18,CRD,NEW ELANDS,no,Kaapvaal,16130,86250,13050,257500,138400,23.96,1393,10750,520.5,17.19,290,0.102585523,171.2,2.1,16.87,1.73,9.95,0.55,0.1,0.006908016,0.06,0.01,5.90,7.58,5.69,8.67,8.05,-0.61,3.45,5.50,2.47,-0.94,1.88,-6.06,1.36,-3.04,-0.96,-3.24,-1.49,-4.38,-6.09,-8.76,-6.60,-8.39,0.068112413,0.063054178,-0.097671476,0.046132388,-0.139160666,-0.119215846,0.007066684,-0.018297833,-0.00417562,0.034350114,-0.050645829,0.006058684,0.044169964,-0.021898649,-0.018731285,-0.003027848,-0.002705807,-0.02004049,-0.017902442,-0.019528366,-0.007053952,-2.12E-16
88,    Ap24G19,CRD,NEW ELANDS,no,Kaapvaal,14960,74590,12650,256500,132400,58.74,776.2,13360,424.5,14.39,351,0.28,124.6,1.87,25.08,5.23,8.32,0.44,0.13,0.02,0.05,0.02,5.67,7.27,5.50,8.51,7.85,0.13,2.71,5.55,2.10,-1.28,1.91,-5.22,0.88,-3.32,-0.72,-2.29,-1.83,-4.77,-5.99,-7.86,-6.94,-7.86,0.113270959,-0.054179207,-0.050722114,0.104406177,-0.094381954,0.010183749,-0.079627905,-0.02780716,-0.025371847,-0.107105119,-0.0185022,-0.031221116,0.034413276,0.004326381,-0.051850802,-0.024854813,0.013260747,-0.002749667,-0.007234595,-0.004370698,-0.004584821,-1.21E-17
89,    Ap24G20,CRD,NEW ELANDS,no,Kaapvaal,14130,76220,11700,254300,131200,54.46,754.7,13770,431.2,14.85,348.6,0.54,114.4,1.54,21.81,6,7.25,0.42,0.14,0.01,0.05,0.02,5.64,7.32,5.45,8.53,7.86,0.08,2.71,5.61,2.15,-1.22,1.93,-4.54,0.82,-3.49,-0.84,-2.13,-1.94,-4.79,-5.89,-8.52,-6.92,-7.83,0.124909371,-0.044953177,-0.009075106,0.064589455,-0.122697459,-0.015026662,-0.050201733,-0.058039945,-0.079091161,-0.072773078,-0.045608212,-0.014525876,0.017804798,0.022243659,-0.037320493,-0.008927343,0.028109786,-0.002653431,-0.023359698,-0.001829999,-0.006149146,-4.34E-17
90,    Ap24G21,CRD,NEW ELANDS,no,Kaapvaal,13420,71360,10550,254500,125200,54.26,768,14110,452.3,15.09,345.4,0.67,133.2,1.95,25.49,78.46,8,0.47,0.12,0.02,0.07,0.06,5.34,7.01,5.10,8.28,7.58,-0.17,2.48,5.39,1.95,-1.45,1.68,-4.56,0.73,-3.49,-0.92,0.20,-2.08,-4.92,-6.28,-8.07,-6.82,-6.98,0.226247034,-0.172558114,0.047672464,0.084632571,-0.100942469,0.090307886,-0.037237665,-0.052351838,-0.053895897,-0.101647071,0.036830144,-0.050376229,0.025795837,-0.011899105,-0.010188765,-0.009738199,0.026210226,-0.006277667,-0.015300796,-0.005673958,0.001479879,1.98E-16
91,    Ap24G22,CRD,NEW ELANDS,no,Kaapvaal,13860,66770,11020,255100,129300,18.85,1151,10200,396.4,13.43,228.9,0.021738753,193.2,3.68,18.19,0.81,18.12,0.81,0.16,0.02,0.007086628,0.09,5.79,7.36,5.56,8.70,8.02,-0.81,3.30,5.48,2.24,-1.15,1.69,-7.57,1.52,-2.44,-0.85,-3.96,-0.85,-3.96,-5.58,-7.66,-8.70,-6.15,0.050266811,-0.053502599,-0.326600043,0.131592498,0.06577591,0.096350752,0.149853498,0.054449843,-0.027475086,-0.008055164,-0.007717463,-0.002964051,0.01622332,-0.018567864,-0.017719957,0.025406869,-0.00319104,-0.010668109,0.003962151,0.004737264,-0.00093314,-7.63E-17
92,    Ap24G23,CRD,NEW ELANDS,no,Kaapvaal,14690,75810,11200,255500,124100,19.91,1099,10500,411.9,14.2,241.7,0.045159175,195.8,3.53,16.83,0.76,16.97,0.77,0.2,0.01,0.007575665,0.09,5.83,7.47,5.56,8.69,7.97,-0.77,3.24,5.50,2.26,-1.11,1.72,-6.86,1.51,-2.50,-0.94,-4.04,-0.93,-4.03,-5.37,-8.37,-8.65,-6.17,0.051220964,-0.044574278,-0.290939885,0.088569022,0.038371703,0.066618516,0.171824416,0.018016305,-0.090234956,0.024102573,-0.058541695,0.013393054,0.007864117,-0.002157932,-0.003580513,0.035152416,0.005328941,0.003139127,-0.013370244,0.005567286,-0.000495994,7.29E-17
93,    Ap24G24,CRD,NEW ELANDS,no,Kaapvaal,15180,79480,11670,257200,128900,26,1170,10420,402.2,14.73,239.2,0.19,188.9,3.64,19.52,2.63,17.95,0.81,0.09,0.01,0.009332781,0.1,5.73,7.39,5.47,8.56,7.87,-0.64,3.17,5.35,2.10,-1.21,1.58,-5.56,1.34,-2.61,-0.93,-2.93,-1.01,-4.11,-6.31,-8.50,-8.57,-6.20,0.088431641,-0.101125002,-0.225332782,0.014421927,-0.00201607,0.070356074,0.159657171,0.035408772,-0.077006869,0.029583788,0.01445408,-0.01630795,0.025408196,-0.014586138,-0.0105964,0.018156824,0.047646542,0.025713739,0.004224793,0.033879857,0.003987243,2.78E-16
94,    Ap24G25,CRD,NEW ELANDS,no,Kaapvaal,16420,85650,10310,256200,138600,58.75,779.2,15350,477,15.49,354.3,0.29,131,2.03,25.24,3.79,8.22,0.55,0.15,0.02,0.04,0.02,5.74,7.39,5.28,8.49,7.87,0.11,2.69,5.67,2.20,-1.22,1.91,-5.20,0.91,-3.26,-0.74,-2.63,-1.86,-4.56,-5.86,-7.88,-7.18,-7.88,0.097333203,-0.040647428,-0.074798098,0.120931181,-0.075587182,-0.011835256,-0.06385345,-0.034448403,-0.054864864,-0.081164442,-0.012115078,-0.051232564,0.019822174,0.016321546,-0.052374641,-0.033947444,-0.001722659,-0.023155283,0.000508565,0.009315694,0.001449695,4.16E-17
95,    Ap27H19,CRD,NEW ELANDS,no,Kaapvaal,20050,74780,11280,255400,122500,19.62,1076,10480,454.7,14.85,246.1,0.01193567,194.7,3.72,17.32,0.64,16.56,0.68,0.1,0.02,0.007260543,0.1,6.19,7.51,5.62,8.74,8.00,-0.74,3.27,5.54,2.41,-1.02,1.79,-8.14,1.56,-2.40,-0.86,-4.16,-0.91,-4.10,-6.02,-7.63,-8.64,-6.02,0.035321955,-0.004662878,-0.297780969,0.091632867,0.074976736,0.109205291,0.158129075,0.088126365,-0.009075622,-0.019183274,-0.010347337,-0.043264474,0.010987156,-0.026022586,0.00746599,-0.001444936,-0.026632313,0.002632041,0.019684,0.003491447,0.002343882,3.47E-18
96,    Ap27H20,CRD,NEW ELANDS,no,Kaapvaal,31830,74000,15040,255900,130200,31.24,1517,17030,531.1,13.43,247.1,0.100802022,287.6,2.81,50.85,1.41,18.37,1.16,0.13,0.006962248,0.08,0.03,6.32,7.17,5.57,8.41,7.73,-0.60,3.28,5.70,2.23,-1.45,1.46,-6.34,1.62,-3.01,-0.12,-3.70,-1.14,-3.90,-6.09,-9.01,-6.57,-7.55,0.136571444,-0.068308617,-0.237559561,-0.013129617,-0.147390873,-0.092288397,0.043187707,0.028992532,-0.021358389,0.068615375,-0.060606871,0.019604665,-0.008070041,0.002295043,0.014572303,-0.013867986,-0.019066415,-0.049261469,-0.030934385,-0.008477205,-0.000248014,-4.94E-16
97,    Ap27H21,CRD,NEW ELANDS,no,Kaapvaal,24250,74020,12760,256900,140900,22.99,1277,11530,515.4,16.59,387.4,0.052942351,238.4,4.4,24.02,4.21,21.44,0.96,0.17,0.02,0.01,0.12,6.05,7.17,5.41,8.41,7.81,-0.91,3.11,5.31,2.20,-1.24,1.92,-6.98,1.43,-2.56,-0.87,-2.61,-0.98,-4.09,-5.82,-7.96,-8.65,-6.16,0.105256728,-0.087732369,-0.27613044,0.082645715,0.030928388,0.102781598,0.145944447,0.001889118,-0.053406377,-0.029971146,0.020013023,0.003237593,0.004237285,-0.040718203,0.023099448,-0.015903696,0.003308819,-0.005970357,0.030484455,-0.000757303,-0.007005059,-5.69E-16
98,    Ap27H22,CRD,NEW ELANDS,no,Kaapvaal,1501,78720,9477,243700,109600,113.3,2424,407.3,1608,49.3,117.6,0.081924532,9.43,16.77,9.28,0.79,3.1,0.4,1.69,0.18,0.02,0.01,3.61,7.57,5.46,8.70,7.90,1.03,4.09,2.31,3.68,0.20,1.07,-6.20,-1.46,-0.88,-1.47,-3.94,-2.57,-4.62,-3.18,-5.41,-7.61,-8.30,-0.291452074,-0.012842297,-0.007612306,0.796083356,0.037682503,0.046843893,-0.06731813,-0.126024487,0.187119328,0.043865233,-0.099838038,-0.096570221,-0.050475941,-0.030943155,0.041089955,-0.006487769,0.038378965,-0.024374061,0.00995846,0.009065727,-0.008439574,-3.64E-16
99,    Ap27I03,CRD,NEW ELANDS,no,Kaapvaal,1307,82400,9904,243100,129000,111.3,2049,778,1547,115.9,32.5,11.28,15.4,8.02,0.035521999,0.9,3.27,0.36,1.59,0.2,0.004762956,0.02,3.54,7.68,5.56,8.77,8.13,1.08,3.99,3.02,3.71,1.12,-0.15,-1.21,-0.90,-1.55,-6.97,-3.74,-2.45,-4.66,-3.17,-5.25,-8.98,-7.55,-0.420141056,-0.14743693,0.169358979,0.816068696,0.216940171,0.047758529,0.032708964,0.026821597,0.04330694,0.121479349,0.049324208,0.085187009,-0.019650257,0.057734,-0.030337791,-0.046724119,0.011441322,0.039607639,-0.023147048,-0.012920533,0.000668998,6.57E-16
