Sample,Mineral,Pipe,Diamond_High,Craton,Na,Mg,Al,Si,Ca,Sc,Ti,Mn,Sr,Y,Zr,Ba,Nd,Eu,Gd,Tb,Dy,Ho,Er,Yb,Lu,Ta,Na_clr,Mg_clr,Al_clr,Si_clr,Ca_clr,Sc_clr,Ti_clr,Mn_clr,Sr_clr,Y_clr,Zr_clr,Ba_clr,Nd_clr,Eu_clr,Gd_clr,Tb_clr,Dy_clr,Ho_clr,Er_clr,Yb_clr,Lu_clr,Ta_clr,V1,V2,V3,V4,V5,V6,V7,V8,V9,V10,V11,V12,V13,V14,V15,V16,V17,V18,V19,V20,V21,V22
    Ap22D10,E,BEARTOOTH,yes,Slave,627.6,56100,74370,191100,28240,27.48,1236,1407,0.34,12.71,31.7,0.077468305,1.14,0.51,2.07,0.35,2.2,0.41,1.13,0.84,0.11,0.01,3.568509552,8.061497623,8.343414445,9.287158662,7.375101223,0.440064999,4.24624217,4.375821589,-3.95220313,-0.331004383,0.582923212,-5.431279857,-2.742365206,-3.546738022,-2.145844861,-3.923215593,-2.084936108,-3.764991588,-2.751175836,-3.047746856,-5.080668382,-7.478563654,-0.053377851,0.039229304,0.108905102,-0.225067242,0.08909193,-0.089859627,0.001313254,0.062760088,-0.016189757,-0.025619679,-0.016603052,-0.016362396,-0.048812205,-0.000973311,0.000128317,0.013830549,0.01369522,-0.000974192,0.010853786,0.013285125,0.006913475,-2.88E-16
    Ap22D11,E,BEARTOOTH,yes,Slave,483.2,37500,71800,185000,31540,36.9,1309,1738,0.41,33.94,2.96,0.055492414,0.16,0.12,0.65,0.26,3.34,1.16,4.47,6.65,1.13,0.006160144,3.293978664,7.64564423,8.295187773,9.241659122,7.472559878,0.721759569,4.290566784,4.574038323,-3.778050102,0.638142277,-1.801262714,-5.77796093,-4.719033446,-5.006715519,-3.317234898,-4.23352563,-1.680481175,-2.738031977,-1.389063574,-0.991835128,-2.76423435,-7.976107176,0.215120001,-0.225177696,0.313619204,0.257290624,-0.034347314,-0.001593681,-0.066017401,-0.02026584,0.025830938,0.064149668,0.057794927,-0.024967879,0.056216798,-0.028005864,0.00738695,0.009364583,0.015926455,0.009772497,-0.01187617,0.006007577,-0.003527826,2.08E-17
    Ap22D12,E,BEARTOOTH,yes,Slave,552.3,56930,73130,191600,39440,33.6,1329,1019,0.31,4.92,8.19,0.18,0.71,0.13,0.54,0.12,0.66,0.17,0.49,0.42,0.06,0.03,3.83929874,8.474785085,8.725201321,9.688372507,8.107743171,1.03973343,4.717389421,4.451784396,-3.645975619,-0.881484107,-0.371878739,-4.189591065,-2.817282946,-4.515013466,-3.090978777,-4.595056173,-2.890308081,-4.246749479,-3.188142525,-3.342293205,-5.288203354,-5.981350535,-0.320507811,0.174978942,0.129707293,-0.05974375,0.034604123,-0.077463545,-0.102584093,0.006416663,0.049582945,-0.015038966,-0.032775515,-0.043561114,-0.01360377,0.006744351,-0.025078896,0.007244441,-0.007817212,0.029281153,-0.002672843,0.01809332,0.001497677,-3.40E-16
    Ap22D13,E,BEARTOOTH,yes,Slave,298.638752,42460,75420,189500,59860,43.07,1297,1049,2.91,5.67,4.41,2.83,1.16,0.27,0.71,0.13,0.97,0.18,0.64,0.61,0.12,0.04,2.863625316,7.820708396,8.395218431,9.316534964,8.164154442,0.92721736,4.332199845,4.119983269,-1.767456258,-1.100420222,-1.35173465,-1.795332628,-2.687189334,-4.144942659,-3.178099648,-4.875830168,-2.866068547,-4.550407767,-3.281896442,-3.329905661,-4.955872876,-6.054485164,-0.340048614,0.061342138,-0.073297969,-0.075333414,0.005550022,-0.013569943,-0.065422474,-0.023574357,0.04227788,-0.015791042,0.014323267,0.007052871,0.064988732,-0.01543312,-0.021895793,0.003114785,-0.00696587,-0.022694237,-0.012265938,0.012161016,0.008531083,-5.55E-17
    Ap22D14,E,BEARTOOTH,yes,Slave,989.3,37050,70950,184400,40090,35.74,2010,1702,0.4,27.31,4.19,0.04123975,0.36,0.22,0.58,0.32,3.36,0.98,3.15,3.47,0.5,0.01,3.95915379,7.582179798,8.23188685,9.187018757,7.661038373,0.638426677,4.668046168,4.501715476,-3.854134565,0.369409103,-1.505143099,-6.126196508,-3.95949508,-4.451971565,-3.482571008,-4.077278116,-1.725902859,-2.95804654,-1.79044138,-1.693689239,-3.630991013,-7.543014019,0.110027549,-0.158067527,0.248630338,0.121512756,-0.018003834,-0.110667856,-0.059616131,-0.01012465,0.006303119,0.051625114,-0.001762064,-0.008122522,0.017003418,-0.044568077,0.027923792,-0.046772849,-0.036417958,-0.000722179,0.004347061,0.007048389,-0.005155256,-3.60E-17
    Ap22D15,E,BEARTOOTH,yes,Slave,276.0759885,26760,72700,180500,50550,46.68,1253,1853,1.97,32.41,12.09,18.76,1.28,0.66,2.82,0.59,4.75,1.09,3.58,3.84,0.6,0.04,2.034252304,6.60823967,7.607672819,8.517062213,7.24429438,0.256891963,3.546872111,3.938137382,-2.908390302,-0.107956827,-1.09404518,-0.654696901,-3.339563766,-4.001939288,-2.549686959,-4.114056586,-2.028279226,-3.500246148,-2.311061044,-2.240951478,-4.097249468,-6.805299669,-0.006500803,-0.333666792,-0.131326075,-0.055091273,0.069826147,0.03642093,0.038255567,0.016907233,0.081360545,0.006595126,-0.00046682,0.020168468,0.053663346,-0.005264809,0.016470172,0.007459165,0.001995836,-0.00063022,-0.008445074,0.007879041,0.00881008,1.11E-16
    Ap22D16,E,BEARTOOTH,yes,Slave,903.3,34450,71380,186300,59230,26.36,2139,1375,1.25,13.53,31,2.5,2.5,0.83,2.27,0.43,2.26,0.49,1.43,1.42,0.21,0.008045998,3.531929301,7.173138853,7.901647574,8.860988134,7.715058026,-0.002277713,4.393968286,3.952083587,-3.050981872,-0.669215981,0.159861782,-2.357834691,-2.357834691,-3.460455001,-2.454345591,-4.118095493,-2.45876061,-3.987475311,-2.916450979,-2.923468551,-4.834773171,-8.096705888,-0.129869291,-0.112425783,-0.061311617,-0.236954966,0.025302505,-0.119712851,0.110073582,-0.015225067,-0.02983562,-0.056863006,0.000876628,0.019777211,0.035517263,0.025156883,0.022865337,-0.001972074,-0.019647073,0.011125894,-0.013434185,-0.001535049,-0.003075221,3.00E-16
    Ap22D17,E,BEARTOOTH,yes,Slave,1752,26860,70570,180500,50430,48.7,1340,1851,0.48,31.35,14.04,0.46,1.26,0.7,2.89,0.72,4.7,1.11,3.27,3.45,0.48,0.01,4.091584033,6.821464232,7.787431166,8.726556818,7.451412277,0.508749792,3.823495655,4.146552074,-4.110898413,0.068285029,-0.73501884,-4.153458028,-3.145817517,-3.733604182,-2.315672736,-3.705433305,-1.82936673,-3.272569223,-2.192139254,-2.138555007,-4.110898413,-7.982099424,0.118832735,-0.21922339,0.028866257,-0.102509968,0.065085061,-0.149910482,0.109990102,0.010823166,0.026923229,0.019907978,-0.045179588,0.006953785,0.021888205,-7.68E-05,-0.007056398,0.006086708,-0.015888633,0.015428594,0.004412342,0.007160709,0.002292577,-3.33E-16
    Ap22D18,E,BEARTOOTH,yes,Slave,1125,36250,73430,183100,60360,28.5,2246,1384,1.65,14.74,34.62,2.28,2.81,0.96,2.95,0.4,2.63,0.64,1.62,1.4,0.2,0.007940779,3.672562351,7.145218696,7.851111886,8.764811767,7.655105949,-0.003071877,4.363930171,3.879757172,-2.852200676,-0.662411077,0.191455586,-2.528800521,-2.319791481,-3.393797959,-2.271170794,-4.269266696,-2.385992118,-3.799263067,-2.870549815,-3.016503727,-4.962413876,-8.188719894,-0.118212957,-0.122763671,-0.080172422,-0.251072262,0.027982656,-0.141012398,0.120181526,-0.00146446,-0.043734506,-0.059627792,7.46E-05,0.017423923,0.031717084,0.025915149,0.016233297,-0.021320839,0.022580212,0.016798636,0.006430824,-0.000528574,0.004187019,2.48E-16
    Ap22D19,E,BEARTOOTH,yes,Slave,333.1046065,36290,72860,184700,63730,61.1,2451,1762,2.65,21.04,6.69,5.69,0.76,0.38,1.73,0.39,3.47,0.85,2.36,2.59,0.41,0.02,2.435863336,7.126704262,7.823701833,8.753894928,7.68981745,0.739918628,4.431658145,4.101611568,-2.398033598,-0.32616785,-1.471979364,-1.63388299,-3.647030084,-4.340177264,-2.82447183,-4.314201778,-2.128438644,-3.535112168,-2.513931619,-2.420935362,-4.264191357,-7.284616243,-0.0638736,-0.230377447,-0.027346841,0.010352154,-0.021508323,0.016261582,0.004320135,0.053472148,0.029117425,-0.035680009,-0.016539605,0.010531623,0.07064692,-0.02485813,0.008732536,3.17E-05,0.011346024,0.005162032,-0.008943211,-0.00680667,0.007997204,3.34E-17
    Ap22D20,E,BEARTOOTH,yes,Slave,753.9,46490,76310,192000,78200,11.67,1082,622,0.86,3.68,5.2,0.071915496,1.29,0.28,0.71,0.16,0.83,0.15,0.33,0.24,0.03,0.05,4.180842182,8.302574964,8.798141719,9.7208331,8.822607375,0.012603895,4.542148908,3.988522542,-2.595240441,-1.141504799,-0.795758926,-5.076681064,-2.189775333,-3.717383227,-2.78690786,-4.276999015,-2.630747129,-4.341537536,-3.553080176,-3.871533907,-5.950975448,-5.440149825,-0.3534626,0.203518089,0.017668592,-0.270083482,0.024328956,-0.185458732,-0.124234342,0.046394,0.055497759,0.054100602,0.008123732,-0.075314727,-0.041264802,-0.007367826,-0.007937623,-0.010636635,-0.017484553,-0.007233612,0.004899578,-0.002115039,0.004053686,-2.50E-16
    Ap22D21,E,BEARTOOTH,yes,Slave,860.4,42550,70530,183800,46330,31.97,2586,1486,0.58,18.48,9.13,0.33,0.53,0.19,0.81,0.27,2.74,0.7,2.06,2.35,0.35,0.01,3.74358393,7.644621667,8.149979963,9.107790021,7.729731511,0.450984496,4.844054092,4.290029758,-3.558540643,-0.097124401,-0.802247773,-4.122476092,-3.64869174,-4.674544674,-3.224534499,-4.323146787,-2.005855547,-3.370488411,-2.291107485,-2.159398139,-4.063635592,-7.618983653,-0.03815475,-0.146923506,0.168873707,0.067985734,-0.032986327,-0.090864176,-0.017359662,0.001728386,0.001830475,-0.013222057,-0.004327678,-0.033492628,0.023250257,-0.005685167,0.023497577,-0.01641204,-0.002139651,-0.000523684,-0.005050798,-0.005465928,0.00316068,2.93E-16
    Ap22D22,E,BEARTOOTH,yes,Slave,270.6011386,33580,71670,182400,69100,24.46,733.2,1120,0.94,8.98,12.73,0.075997226,1.71,0.69,1.57,0.26,1.64,0.36,1.01,1.02,0.15,0.006357542,2.81919174,7.640231747,8.398373346,9.332503173,8.361855826,0.415584947,3.815964333,4.239629781,-2.843329587,-0.586454301,-0.237492771,-5.358512619,-2.244960813,-3.152517865,-2.330378564,-4.128527831,-2.286757942,-3.803105431,-2.771503853,-2.761651556,-4.678574168,-7.839567593,-0.031806075,0.03178824,0.02032716,-0.286055811,0.058798653,-0.048576194,-0.005994691,-0.056510984,-0.023917012,-0.001731896,0.039476649,0.004828297,0.037468555,-0.033168484,-0.015179406,-0.003851926,-0.000651754,0.002715592,0.009096657,-0.005682579,-0.002167642,-3.29E-16
    Ap22E03,E,BEARTOOTH,yes,Slave,963.3,47630,63130,183800,33120,28.64,2069,1668,0.31,11.46,7.88,0.084620805,0.4,0.1,0.45,0.13,1.56,0.47,1.65,2.47,0.37,0.02,4.114626453,8.015479657,8.297212934,9.365865052,7.652154172,0.599065905,4.879082241,4.663642146,-3.926921418,-0.316875726,-0.691410533,-5.225313561,-3.672029169,-5.05832353,-3.554246133,-4.795959265,-2.311052616,-3.510761021,-2.254963149,-1.851520286,-3.74999071,-6.667761442,-0.088784143,-0.058639477,0.242631946,0.174822408,-0.029576995,-0.092444574,-0.088071129,-0.087366516,0.040113111,0.004524685,-0.004694836,0.007655456,-0.025213363,0.002364005,-0.000542391,0.00161532,0.01587665,0.004471681,0.009261179,-0.000639007,-0.009301824,2.26E-17
    Ap22E04,E,BEARTOOTH,yes,Slave,1705,40100,72310,182500,64270,38.16,2787,1410,1.18,28.39,14.38,0.35,0.88,0.37,1.94,0.59,5.11,1.03,2.97,2.39,0.33,0.01,4.110061517,7.267872741,7.857458838,8.783246579,7.739589366,0.310528974,4.601462155,3.920086111,-3.165744434,0.014778098,-0.66542052,-4.381080997,-3.459092244,-4.325511146,-2.6685709,-3.858891615,-1.700059468,-3.30170007,-2.24269692,-2.459965507,-4.439921497,-7.936429059,0.021854539,-0.221080805,0.074199658,-0.042385192,-0.011881733,-0.171730817,0.045920036,0.076103273,-0.019889835,-0.012593949,-0.022913461,-0.067063737,0.012206973,-0.016853139,0.007298732,-0.004533451,-4.13E-05,-0.006569952,0.008814152,0.008702466,0.004575176,-2.38E-16
    Ap22E05,E,BEARTOOTH,yes,Slave,293.1108853,36340,68840,180700,50720,46.8,2070,2231,0.77,32.21,16.61,0.08431817,1.5,0.61,2.61,0.62,5.2,1.18,3.72,4.01,0.6,0.01,2.371834553,7.191957909,7.830823818,8.795877044,7.525359156,0.53716677,4.326587453,4.401488762,-3.570081197,0.163560531,-0.498711509,-5.781874332,-2.903251325,-3.803012755,-2.349366211,-3.786752234,-1.660057807,-3.143201994,-1.994992764,-1.919925191,-3.819542057,-7.913886619,0.163171502,-0.22444994,0.072474492,-0.130274544,0.052739988,-0.03379591,-0.040009158,-0.043144699,-0.034780741,-0.049657277,-0.036173648,0.023229929,0.002558622,-0.036596633,0.002158752,0.007669771,-0.002772323,0.000859651,0.000605834,0.001088829,0.000711615,-2.29E-16
    Ap22E06,E,BEARTOOTH,yes,Slave,1382,48300,64150,186400,33870,31.23,2086,1661,1.26,11.82,8.15,2.98,0.49,0.13,0.52,0.15,1.64,0.45,1.74,2.64,0.41,0.03,4.160383749,7.714283585,7.998076115,9.064746926,7.359381691,0.370475916,4.572100381,4.344271855,-2.839791534,-0.601110243,-0.972885328,-1.978979954,-3.784253143,-5.111124083,-3.724829722,-4.96802324,-2.576207013,-3.869410951,-2.517018142,-2.100124338,-3.962501374,-6.577461152,-0.202256306,-0.125245164,0.088532699,0.211145873,-0.049946096,-0.075065121,0.003073906,-0.055015692,0.051375618,0.008833405,0.020695356,0.012521595,-0.003633929,0.021090794,0.010319326,0.006533387,0.005234763,-0.004157755,0.004032422,0.001852143,-0.009985856,1.14E-16
    Ap22E07,E,BEARTOOTH,yes,Slave,970.4,50490,67380,187400,35440,34.24,2052,1650,0.27,14.61,9.45,0.075266531,0.55,0.14,0.59,0.21,1.85,0.54,1.97,2.73,0.47,0.02,3.995701018,7.947523236,8.236096177,9.258993309,7.593589065,0.651387212,4.744562867,4.526523227,-4.19134066,-0.200301114,-0.635992598,-5.468727057,-3.47984434,-4.848120196,-3.409640082,-4.442655088,-2.266821701,-3.498193479,-2.203973797,-1.87770573,-3.637029924,-6.794030345,-0.044418981,-0.085143128,0.218568497,0.121932661,-0.001160005,-0.1038745,-0.080790208,-0.080481427,0.02951862,-0.00246041,-0.001474335,-0.002543897,-0.025360699,0.009837763,-0.021285816,0.003731115,-0.020473563,0.005901338,-0.008540018,0.006059888,-0.006788729,-1.86E-16
    Ap27A11,E,BEARTOOTH,yes,Slave,1573,56520,77670,191700,51100,52.2,3346,2523,0.28,34.23,9.16,0.042905537,0.86,0.23,1.31,0.44,4.44,1.25,4.36,5.88,1.01,0.005604111,4.114801415,7.696411349,8.014285873,8.917748441,7.595601288,0.709144007,4.869582393,4.587265461,-4.518904164,0.287163964,-1.031092309,-6.394692879,-3.396761378,-4.715614458,-2.975911351,-4.06691904,-1.755284112,-3.022794937,-1.773466431,-1.474381726,-3.235988157,-8.43019325,0.15572788,-0.183419049,0.252409293,0.086009244,-0.019842148,-0.127502465,-0.010699446,-0.087417546,-0.058910551,-0.035600058,-0.045579299,-0.014697729,-0.011276276,0.022415186,-0.017472242,-0.001093082,-0.010446613,0.007284485,-0.006509961,0.004018993,0.012905128,-1.39E-16
    Ap27A12,E,BEARTOOTH,yes,Slave,811.4,60580,77930,188700,50130,52.07,3238,2530,0.64,34.05,9.67,0.061391771,0.74,0.19,1.11,0.39,4.58,1.45,4.86,5.52,1.08,0.006361784,3.436087912,7.749046846,8.000893028,8.885240492,7.559701671,0.689915728,4.820037895,4.573301343,-3.708960342,0.265156794,-0.99364493,-6.053152711,-3.563778332,-4.923404446,-3.158313224,-4.204281779,-1.740974241,-2.891109683,-1.681634801,-1.554295379,-3.185712198,-8.320119645,0.141959299,-0.210060447,0.232063572,0.1245029,-0.035516543,-0.065833444,-0.046135842,-0.083018746,-0.067034069,-0.044959613,-0.021139641,-0.031790654,-0.010095356,-0.011612981,-0.009511064,-0.017213498,0.00962024,0.008740494,-0.011962996,0.009254036,0.013160415,-3.12E-17
    Ap22B10,E,KOALA,yes,Slave,322.7571443,41180,68870,189100,31390,23.49,2083,1180,0.33,12.9,10.7,0.19,0.5,0.19,0.61,0.16,1.79,0.5,1.54,2.09,0.31,0.02,2.987336577,7.836144392,8.35041236,9.360467666,7.564681062,0.367011211,4.852000853,4.283706129,-3.898226213,-0.232336277,-0.419319847,-4.450294795,-3.482710769,-4.450294795,-3.28385991,-4.622145052,-2.207347968,-3.482710769,-2.357781172,-2.052399522,-3.96074657,-6.701586594,-0.085837733,-0.104072162,0.177680584,0.041395423,0.008275233,-0.042548231,-0.114616826,-0.037297364,0.044236509,-0.013261775,0.049326481,0.007305849,0.02875768,0.00767788,0.020091155,-0.023130091,0.005452927,-0.00700138,-7.69E-05,-0.013301568,-0.005564294,3.90E-16
    Ap22B11,E,KOALA,yes,Slave,804.3,39060,73790,188700,37850,27.4,1678,1224,3.67,15.02,6.3,0.073665795,1.59,0.81,2.18,0.43,2.93,0.56,1.74,1.66,0.28,0.01,3.593840006,7.476721876,8.112846172,9.051781403,7.445253931,0.214410685,4.329225559,4.013747135,-1.795940666,-0.386749682,-1.255582695,-5.70434902,-2.632398312,-3.306853359,-2.316807451,-3.940102398,-2.021129905,-3.675950823,-2.542247215,-2.589314726,-4.369098004,-7.701302514,0.027713371,-0.059996662,-0.013095311,-0.20010239,0.013770181,-0.155703112,-0.014466807,0.010127249,-0.056265048,-0.00023126,0.043985064,0.01793039,0.016800073,-0.018859879,-0.002169895,0.013157889,-0.000192219,-0.019289529,-0.010503322,0.000688369,-0.003600679,-2.69E-17
    Ap22B12,E,KOALA,yes,Slave,683.5,36190,65370,188700,24550,29.36,1721,1650,0.31,22.85,16.86,0.21,0.49,0.3,1.52,0.41,3.46,0.84,2.58,2.9,0.44,0.01,3.477594502,7.446905963,8.038186563,9.098281578,7.058834979,0.33000105,4.401028642,4.358898413,-4.220815135,0.079318964,-0.224688201,-4.610279902,-3.762982042,-4.253604958,-2.630921819,-3.941230273,-1.808363565,-3.223985541,-2.101842755,-1.984921417,-3.870612706,-7.65480234,0.083985444,-0.181508816,0.16706722,0.006288139,0.030790742,-0.070182681,0.006943177,0.035731875,0.037140809,-0.006440169,0.003271241,-0.00104863,-0.001710278,-0.000493117,0.023542908,0.017028625,0.008590062,0.001587072,-0.015200799,-0.000503577,-0.011476282,2.22E-16
    Ap22B13,E,KOALA,yes,Slave,344.8729956,38320,70790,192500,33450,44.55,1911,1311,12.21,12.09,9.42,16.74,1.07,0.18,0.82,0.19,1.78,0.47,1.45,1.63,0.26,0.08,2.568701002,7.279252014,7.892997809,8.893376215,7.143331847,0.522136936,4.280906726,3.904070266,-0.77221993,-0.782096554,-1.03164013,-0.456674153,-3.20681657,-4.989273646,-3.472926157,-4.935206425,-2.697861854,-4.029497802,-2.902911662,-2.785895203,-4.621548866,-5.800203862,-0.301870035,-0.163804928,-0.140947315,0.091461157,-0.004061921,-0.007694318,-0.061607643,-0.021014742,0.050777363,-0.029177682,0.026958964,-0.029164822,0.042742181,-0.037638601,0.023738405,0.010444629,0.025460317,0.007347548,-0.012139863,-0.003172572,-0.004311184,1.73E-16
    Ap22B14,E,KOALA,yes,Slave,966.1,33940,68660,186600,34080,38.29,2812,1761,0.46,20.15,15.76,0.075736527,0.63,0.29,1.53,0.34,3.08,0.75,2.27,2.88,0.41,0.01,3.812155617,7.371237807,8.075810335,9.075610835,7.375354249,0.584077034,4.880539521,4.412525377,-3.837640521,-0.057907444,-0.303636647,-5.641606446,-3.523147192,-4.298986088,-2.635843997,-4.139921393,-1.936182135,-3.348793804,-2.2413319,-2.003321438,-3.952709851,-7.666281918,0.051154687,-0.148356179,0.171841667,-0.003020094,0.001608419,-0.129584231,-0.015630396,0.002308233,0.009806971,-0.032351421,-0.027534966,0.025109036,0.015438059,-0.017496463,0.012462308,0.029027723,0.021875382,0.010894818,-0.004554704,-0.005107635,-0.000848457,-2.69E-17
    Ap22B15,E,KOALA,yes,Slave,726.7,27590,70360,184000,30790,51.19,218.7,3011,0.167389831,73.52,4.38,0.33,1.3,0.83,5.36,1.31,10.35,2.69,8.67,11.72,1.94,0.003160393,3.155655858,6.792350787,7.728522319,8.689833157,6.902087361,0.502686321,1.954843048,4.577169649,-5.220287752,0.864699598,-1.955809155,-4.541520504,-3.170493615,-3.619187458,-1.753893905,-3.162830743,-1.09587136,-2.443316686,-1.272989089,-0.971561096,-2.770169907,-9.18991683,0.50471446,-0.294889959,0.065564426,-0.075732039,0.158812084,0.02166445,0.165492471,-0.091740228,0.028275904,0.098527199,-0.028345747,-0.042706381,-0.004409272,0.041468078,-0.023991628,0.015561478,-0.003587043,0.003787482,-0.006398556,0.001736864,0.00327993,-2.36E-16
    Ap22B16,E,KOALA,yes,Slave,143.3692621,23690,66340,181800,30260,39.95,329.9,2216,0.61,66,29.94,1.22,1.88,0.92,6.54,1.43,10.71,2.45,7.31,8.43,1.27,0.05,1.307814513,6.415199255,7.44493927,8.453053419,6.659972945,0.03001963,2.141180536,4.045850006,-4.151905364,0.5320457,-0.258413663,-3.458758183,-3.026337265,-3.740990651,-1.779671877,-3.299934598,-1.286431158,-2.761521018,-1.668365768,-1.52581227,-3.418592142,-6.653341316,0.300787255,-0.426761979,-0.117343372,-0.147418782,0.2188192,0.073968328,0.00509002,-0.035603493,0.119999654,0.052645885,0.006973679,-0.033318513,-0.038536396,-0.023199668,-0.019934012,0.038826373,0.00814895,-0.001487484,-0.003516607,-0.000822386,-0.003067151,-3.90E-16
    Ap22B17,E,KOALA,yes,Slave,120.2452519,25780,66900,183400,26940,41.45,185.5,1826,0.173893988,70.14,5.21,0.4,1.48,1.33,4.53,1.15,9.73,2.32,6.93,7.7,1.1,0.01,1.472113463,6.839934316,7.793534286,8.802004878,6.88394749,0.407067921,1.905634922,4.192463101,-5.066729389,0.933073284,-1.666840105,-4.233710692,-2.925377873,-3.032241018,-1.806698021,-3.177658018,-1.042206064,-2.475852775,-1.381560147,-1.276199632,-3.222109781,-7.922590146,0.438218459,-0.319310807,-0.015667854,-0.193524782,0.230517561,0.102531639,0.028644047,-0.044417998,0.061959474,0.097116983,0.03173693,-0.035539327,0.020101407,0.020768802,-0.014735985,-0.033937256,-0.026748766,-0.021640754,0.014069804,-0.005140454,-0.010402328,-4.86E-17
    Ap22B18,E,KOALA,yes,Slave,175.2135216,28440,72270,184800,29940,11.99,254.5,2000,0.154364193,7.29,5.1,0.054716748,1.33,0.71,0.98,0.17,1.17,0.28,0.82,0.99,0.11,0.01,2.733127316,7.822673846,8.755286347,9.6941514,7.87407262,0.051194931,3.106422798,5.168024422,-4.301318619,-0.446374492,-0.803637498,-5.338463478,-2.147699095,-2.775368347,-2.453080745,-4.20483488,-2.275874289,-3.705843714,-2.631328976,-2.442928374,-4.640152951,-7.038048224,0.024874379,0.162485837,0.101649515,-0.276787214,0.127543558,0.055283779,-0.028866423,-0.141868957,0.057506993,0.100600571,-0.012523538,0.086464403,-0.042638121,-0.015172012,0.062547551,-0.023872181,-0.00724591,0.006783936,0.015744324,0.002024932,0.005466278,-3.30E-17
    Ap22B19,E,KOALA,yes,Slave,475.6,45220,66340,182900,19930,31.48,1136,1062,1.24,4.9,9.92,9.44,0.56,0.13,0.48,0.09,0.86,0.19,0.52,0.59,0.08,0.02,3.500637932,8.055355513,8.43860908,9.452755602,7.236042181,0.785413191,4.371329367,4.303969969,-2.448827853,-1.074704028,-0.369386311,-0.418983252,-3.243757728,-4.704160061,-3.397908408,-5.071884841,-2.814762122,-4.324670439,-3.3178657,-3.191571975,-5.189667877,-6.575962238,-0.369626549,0.074854512,0.016876651,0.047066865,0.002382717,-0.000111558,0.012825884,0.015242445,0.058104454,-0.031308473,0.01306692,-0.030710061,0.035213407,0.00964066,0.040078437,-0.006267357,0.026606913,-0.003896723,0.001722136,-0.013169097,0.004530312,4.34E-16
    Ap22B20,E,KOALA,yes,Slave,192.1898791,25970,66440,184300,25640,26.99,230.8,1939,0.127260812,25.63,10.3,1.51,0.83,0.65,3.36,0.68,4.76,0.93,2.38,2.24,0.3,0.005395095,2.259343282,7.165556749,8.104914008,9.125179588,7.152768355,0.296325871,2.442410979,4.5707871,-5.060657214,0.244622985,-0.66699666,-2.587030905,-3.185470134,-3.429923472,-1.787199582,-3.384803037,-1.438892887,-3.071711249,-2.132040068,-2.19266469,-4.20311336,-8.221405659,0.224577219,-0.146524236,0.04479309,-0.19503619,0.159945236,0.109447649,0.11609271,0.029444652,0.09030446,0.062134195,-0.029818784,-0.047582351,-0.001432292,0.010985443,0.038768276,0.008831652,0.008313845,-0.004452025,-0.011114303,-0.003481492,0.00079488,2.26E-16
    Ap22B21,E,KOALA,yes,Slave,311.7596069,38130,71290,190500,36980,30.13,999.6,1050,0.39,5.71,7.19,0.46,1.51,0.31,0.86,0.16,1.07,0.21,0.63,0.67,0.11,0.01,3.128741022,7.935265274,8.561019966,9.543916095,7.904641126,0.792029975,4.29386382,4.343054065,-3.555099918,-0.871272355,-0.640800207,-3.390020168,-2.201381728,-3.78467436,-2.764314268,-4.446072842,-2.54583273,-4.174139127,-3.075526838,-3.013968945,-4.820766292,-7.218661565,-0.187377444,0.108298163,0.039663621,-0.186659614,0.052845249,-0.039335948,-0.027652935,-0.071189303,0.016162924,-0.0422856,-0.005953559,-0.016459902,0.046737176,0.026287389,0.005169674,-0.010338532,-0.017701447,-0.01038613,-0.015490083,-0.006623263,0.002126995,2.28E-16
    Ap22B22,E,KOALA,yes,Slave,630.2,43660,77020,192100,54500,37.57,1331,987.7,1.78,7.01,10.9,3.36,1.1,0.34,1.19,0.2,1.19,0.29,0.69,0.72,0.11,0.04,3.460352025,7.698502426,8.266135203,9.180086145,7.920270777,0.640520656,4.208000614,3.909693804,-2.40907184,-1.038347503,-0.596922415,-1.77374423,-2.890375024,-4.064494865,-2.811731897,-4.595123116,-2.811731897,-4.22355956,-3.356748885,-3.314189271,-5.192960117,-6.204561029,-0.306882085,0.009794943,-0.069456546,-0.106523961,0.026616727,-0.074931187,-0.004112771,0.046788596,0.064307633,-0.00803056,0.019855872,-0.013532609,0.03439038,0.005610857,-0.029303665,0.005353241,0.007170525,0.015119542,-0.003358767,-0.010127479,0.009140179,-8.33E-17
    Ap22B23,E,KOALA,yes,Slave,935.9,31990,71630,188300,53810,52.87,2524,1220,0.82,15.13,6.88,0.38,0.8,0.4,1.48,0.32,2.46,0.58,1.7,1.73,0.25,0.02,3.747449157,7.279119157,8.085209783,9.051732238,7.799155126,0.873776594,4.739540747,4.012546661,-3.292510415,-0.377379948,-1.165440824,-4.061643503,-3.317203028,-4.010350208,-2.702017389,-4.233493759,-2.193898126,-3.638786652,-2.563431225,-2.545938068,-4.480353837,-7.006082482,-0.069166407,-0.119560591,0.047231543,-0.055925178,0.005836054,-0.141417963,-0.018594466,0.04991967,0.039420876,-0.016513647,-0.017519609,0.015354034,0.064454003,-0.00722388,-0.015619293,-0.002951277,-0.002334938,0.006447115,0.00697021,0.00303926,-0.002478604,-2.19E-16
    Ap24F08,E,KOALA,yes,Slave,813.2,46870,68780,184800,33950,47.89,1715,2513,1.6,32.22,2.04,3.35,0.94,0.17,0.78,0.28,3.64,1.25,4.81,7.9,1.26,0.02,3.324578113,7.378734122,7.762269315,8.750630469,7.056245164,0.492507746,4.070769391,4.452833569,-2.906395339,0.096188409,-2.663449161,-2.167438623,-3.438274372,-5.148355811,-3.624860328,-4.649364645,-2.084415287,-3.153255417,-1.805701885,-1.309536209,-3.145287248,-7.288421974,0.035049663,-0.259866035,0.051050303,0.231428894,-0.019305065,-0.009574206,-0.015496661,-0.148251934,-0.00427613,0.020068862,-0.013166737,-0.015676781,0.011404789,0.043842715,0.021088124,-0.027933084,-0.006917166,0.002861503,-0.001171065,-0.000671096,-0.001325273,3.31E-16
    Ap24F09,E,KOALA,yes,Slave,285.3477945,30240,63840,180800,44930,50.24,1469,2743,0.27,39.23,8.79,0.59,0.85,0.73,3.41,0.82,6.39,1.52,4.51,4.72,0.74,0.006196814,2.313591666,6.976803729,7.72401813,8.765029625,7.3727439,0.57669442,3.952220075,4.576690389,-4.649450422,0.329324659,-1.16650239,-3.867749844,-3.502636031,-3.654827847,-2.11340481,-3.53856804,-1.485382833,-2.921406767,-1.833819948,-1.788308302,-3.641222194,-8.423837165,0.250253947,-0.274350004,0.092929236,-0.098681486,0.053880257,0.040175057,0.052663813,0.021015501,0.019227991,-0.020681766,-0.065075964,0.043619912,0.020857475,-0.002308639,0.020822525,-0.000483934,-0.005698534,0.004155239,-0.014770528,0.002611359,-0.007122014,2.05E-16
    Ap24F10,E,KOALA,yes,Slave,1595,56480,72260,188600,61750,26.92,1873,1607,1.07,12.74,25.33,2.26,1.49,0.67,1.86,0.39,2.69,0.45,1.14,1.21,0.14,0.00678615,4.157195186,7.724208043,7.970592175,8.92994982,7.813415425,0.075435675,4.317862873,4.164690536,-3.149775181,-0.672687179,0.014555634,-2.402069016,-2.81865771,-3.617911396,-2.596857342,-4.159042369,-2.227892636,-4.015941526,-3.086405567,-3.02681347,-5.183546686,-8.210305287,-0.150704098,-0.040986376,0.008031656,-0.174511127,-0.000407387,-0.110433086,0.140664013,0.05389615,-0.042005848,-0.027012963,-0.017046392,-0.002686482,-0.019497357,0.022713768,0.020310493,-0.007079356,-0.01715707,-0.017725746,0.020968399,-0.018201502,0.009164178,-1.06E-16
    Ap24F11,E,KOALA,yes,Slave,287.1600886,72220,62840,190900,27860,69.97,1842,1549,0.65,8.05,15.02,0.32,0.89,0.19,0.68,0.16,1.22,0.3,0.9,1.05,0.16,0.02,2.849795227,8.377227661,8.238102458,9.349260376,7.424702613,1.437821945,4.708362583,4.535120207,-3.24102755,-0.724572542,-0.100861988,-3.949678917,-2.92677845,-4.470975841,-3.195907115,-4.642826098,-2.611393775,-4.014217438,-2.91560515,-2.76145447,-4.642826098,-6.722267639,-0.20667524,0.053005254,0.097650689,6.23E-05,0.036440412,0.007089827,-0.088394096,-0.028306074,-0.014193465,-0.092378185,-0.023860336,0.006122911,-0.012571552,-0.012050886,-0.037439143,-0.00444559,-0.016456196,0.002771697,0.011114103,-0.007790604,-0.013697408,-1.96E-16
    Ap24B22,E,PANDA,yes,Slave,241.2977635,69210,73730,194000,44840,61.87,1546,1750,7.76,9.03,14.6,32.5,1.08,0.31,1.05,0.21,1.5,0.34,1.02,1.06,0.13,0.09,2.194046397,7.852915333,7.916179744,8.883628131,7.41887057,0.833050102,4.051440922,4.17538576,-1.243002973,-1.09143294,-0.610963778,0.189254782,-3.215024266,-4.463168289,-3.243195143,-4.852633055,-2.886520199,-4.370794968,-3.27218268,-3.233716399,-5.332206136,-5.699930916,-0.368985724,-0.053464263,-0.147720184,0.008721338,0.017261213,0.083768885,-0.031755429,0.052781703,0.045200754,-0.041168146,0.001358048,0.015702185,-0.010878892,-0.033382211,-0.006396374,0.009412195,-0.000773258,0.007710283,0.025648691,0.002609472,0.005501636,-4.37E-16
    Ap24C03,E,PANDA,yes,Slave,514.9,82230,69440,191300,30160,74.32,1960,1694,10.06,17.37,1.86,14.47,0.93,0.27,0.88,0.19,1.58,0.43,1.25,1.77,0.26,0.07,2.962336089,8.03563886,7.866581731,8.879961537,7.032635204,1.026743476,4.299063134,4.153211257,-0.973069454,-0.426892038,-2.661060131,-0.609559078,-3.354207311,-4.590969938,-3.40946999,-4.942367825,-2.824211771,-4.125606689,-3.058493067,-2.710657072,-4.628710266,-5.940896655,-0.281153286,-0.06967847,-0.104785632,0.120784576,0.001411613,0.020887918,-0.059748129,0.031558347,-0.028467795,0.009351238,0.001920897,0.029800002,0.014375546,0.024389924,-0.02683755,-0.00130355,-0.004898499,-0.003938356,0.00746934,-0.015661627,-0.003619256,-1.08E-16
    Ap24C04,E,PANDA,yes,Slave,768.8,64840,80000,192800,40770,55.18,1350,1777,18.45,21.54,1.24,15.24,1.33,0.37,1.31,0.28,2.81,0.77,2.67,3.64,0.63,0.07,3.115870451,7.550717569,7.760821507,8.640448254,7.086741389,0.481640162,3.678899465,3.953721421,-0.613896036,-0.459048735,-3.313849027,-0.805036857,-3.243781465,-4.52321268,-3.25893327,-4.801926083,-2.495775924,-3.790325171,-2.546881934,-2.236976725,-3.990995866,-6.188220444,-0.141521967,-0.173253474,-0.164939848,0.119365564,-0.012256424,-0.013392586,-0.027675869,-0.03305743,-0.003076217,0.052182604,0.048070737,0.00514985,0.015183903,0.033793028,-0.028411405,-0.005270876,0.009044276,-0.014470505,0.006416515,-1.09E-05,0.011111166,-6.94E-18
    Ap24C05,E,PANDA,yes,Slave,256.7355464,74040,77090,195700,34680,36.76,1854,1693,7.58,16.51,0.26,1.25,0.69,0.23,0.89,0.19,1.52,0.31,0.82,0.65,0.06,0.03,2.7479997,8.412313914,8.452681997,9.384291301,7.653871579,0.804363445,4.725053894,4.63421053,-0.774533653,0.003919406,-4.1471205,-2.576903301,-3.171110534,-4.269722822,-2.916580669,-4.460778059,-2.381336517,-3.971229834,-2.998497791,-3.230829768,-5.613457569,-6.30660475,-0.215856994,0.099984587,0.002421095,-0.029101723,-0.02227925,0.046648342,-0.145551567,0.114548882,-0.074655453,0.062223502,-0.088080217,-0.024275531,0.005524033,-0.004013665,0.070593924,0.000702532,0.016641033,0.001473516,0.009725075,0.007111511,0.006174713,1.77E-16
    Ap24C06,E,PANDA,yes,Slave,317.3079199,74020,76740,196300,37050,67.59,2480,2183,40.77,16.68,0.21,0.78,0.62,0.29,1.98,0.63,6.25,1.63,5.11,6.45,0.92,0.02,2.31965769,7.771875637,7.807963395,8.747184412,7.079808662,0.773245074,4.37579887,4.248240388,0.267731548,-0.626004572,-5.000862717,-3.688676328,-3.91825077,-4.678089325,-2.757118124,-3.902250428,-1.607633505,-2.951634954,-1.809015564,-1.576134838,-3.523596578,-7.352237974,0.168027732,-0.196120998,-0.051897817,0.138977704,-0.146056124,0.034453466,-0.121640454,0.056509238,-0.034367742,-0.018609361,0.034292984,-0.04194795,-0.004929067,-0.011775052,-0.00196156,0.022908532,0.009984798,-0.003278868,-0.002137338,-0.009922945,0.000949334,-8.72E-17
    Ap24C07,E,PANDA,yes,Slave,731.6,81040,74710,195700,44410,86.07,3058,1853,33.46,24.59,1.4,17.39,1.14,0.37,1.73,0.53,5.08,1.38,3.9,3.99,0.63,0.07,2.843595634,7.551059857,7.469730949,8.432699871,6.949581666,0.703522636,4.273878104,3.772922944,-0.241287587,-0.549298426,-3.415166046,-0.895742954,-3.62061002,-4.745890556,-3.203516874,-4.386516555,-2.126327021,-3.429554783,-2.390661729,-2.367847051,-4.213673742,-6.410898319,-0.096387656,-0.259269051,-0.172391303,0.136508252,-0.064368293,-0.024731598,-0.047289435,0.07494213,-0.021249794,-0.01846557,0.019557524,-0.035863008,-0.004717891,0.008109066,-0.02551939,-0.024168192,-0.004311846,-0.009982116,0.010494517,-0.004384939,-0.00142824,1.73E-16
    Ap24C08,E,PANDA,yes,Slave,286.4439598,75760,78080,195900,24290,48.15,1784,1922,27.05,29.39,0.18,0.31,1.07,0.49,1.89,0.47,3.89,1.03,3.2,3.25,0.52,0.03,2.38658355,7.964366364,7.994529857,8.91440024,6.826860658,0.603361774,4.215653949,4.290162225,0.026727641,0.109695116,-4.985757792,-4.442142346,-3.203300716,-3.984309252,-2.634382535,-4.025981949,-1.912550207,-3.241400562,-2.107808554,-2.092304368,-3.924885832,-6.777517262,0.097590398,-0.102387603,-0.06898465,0.01211734,-0.029557311,0.009295397,-0.16381709,0.039008134,-0.096570911,0.051904524,0.019050959,0.002989181,-0.00663769,0.007564693,0.006003158,0.002760306,0.00699265,-0.010435169,-0.016904199,0.003745787,-0.002805896,2.84E-16
    Ap24C09,E,PANDA,yes,Slave,839.7,42100,72830,181700,56810,62.47,2265,2562,48.24,34.35,1.48,7.5,2.55,0.86,4.19,1.03,7.76,1.85,5.36,5.97,0.87,0.13,2.762111391,6.676869726,7.224949943,8.13917896,6.976534352,0.163753147,3.754396744,3.877610188,-0.094744742,-0.434331275,-3.578891206,-1.956030273,-3.034839935,-4.121756184,-2.53823256,-3.941374492,-1.92195096,-3.355747655,-2.291969319,-2.184186367,-4.110195361,-6.011154123,0.028920914,-0.337579134,-0.284619819,-0.011442579,-0.014787415,-0.074060443,-0.031202958,0.020662594,0.013887411,0.027265981,-0.033498369,0.024842589,-0.03795392,-0.019973681,-0.009754835,0.021355306,0.000234146,0.000198917,0.001542692,0.001162101,0.006158965,-4.30E-16
    Ap24C10,E,PANDA,yes,Slave,524.7,48680,66550,187500,40730,61.73,1935,1992,16.13,14.32,5.77,70.8,1.78,0.58,1.72,0.34,2.5,0.6,1.83,2.09,0.39,0.2,2.610485348,7.140682225,7.453367502,8.489192802,6.962378878,0.470428714,3.915521283,3.944553116,-0.87166043,-0.990684161,-1.899669242,0.607517678,-3.075727958,-4.197068498,-3.110017031,-4.731150984,-2.73605059,-4.163166946,-3.048025355,-2.915177256,-4.593949862,-5.261779235,-0.275475019,-0.200012353,-0.269680108,0.023014436,0.015984992,-3.12E-05,-0.010585709,0.016123438,0.067225332,-0.008253037,-0.004297353,0.075777796,-0.013865804,-0.002010543,-0.020936898,0.000951136,-0.004722154,-0.011771316,-0.007611715,0.00058687,-0.005647024,1.18E-16
    Ap24C11,E,PANDA,yes,Slave,491.3,33460,66330,181400,52770,48.16,1737,2091,33.91,15.37,0.97,8.66,1.39,0.79,3.37,0.71,5.54,1.31,3.77,4.07,0.59,0.05,2.550722249,6.771773284,7.456064872,8.462127126,7.227365436,0.228196111,3.813582076,3.999065009,-0.122622734,-0.913915133,-3.676791898,-1.487617968,-3.317028943,-3.882055024,-2.431419946,-3.988822999,-1.93433819,-3.376305553,-2.319257689,-2.242689691,-4.173965432,-6.642064964,0.040883103,-0.260324755,-0.241506916,-0.033926009,-0.067303545,-0.021301308,-0.001337454,0.048112575,0.047529794,0.009694247,-0.00010551,0.036809252,0.002761466,-0.023601149,0.012761352,0.015641965,0.014910382,-0.000206159,-0.000282942,-0.002540886,-0.008504242,-2.78E-17
    Ap24C12,E,PANDA,yes,Slave,818.7,74000,74840,192600,23070,44.86,2033,2095,32.47,41.64,0.22,1.62,1.01,0.58,2.49,0.56,4.98,1.27,4.03,4.71,0.71,0.02,3.210709555,7.714812211,7.726099619,8.671362617,6.54928019,0.306538368,4.120259652,4.150300671,-0.016691575,0.232053082,-5.011135894,-3.014582012,-3.487057831,-4.041735337,-2.584725451,-4.076826657,-1.89157827,-3.257991261,-2.103241785,-1.947320253,-3.83949847,-7.409031167,0.104802429,-0.178678605,-0.092844942,0.060651229,-0.049438623,-0.037381572,-0.046150011,0.0648084,-0.109932237,0.067385188,0.020967657,0.011585123,-0.000176693,0.044789001,0.016103711,0.012251273,0.017044084,-0.015281945,-0.012383846,-0.002482567,-0.004121295,5.44E-16
    Ap24C13,E,PANDA,yes,Slave,673.2,76360,75230,191500,38880,76.85,2896,2479,27.54,33.83,0.94,9.67,1.03,0.42,1.41,0.42,3.8,1.01,3.85,5.31,0.83,0.05,2.84359544,7.574767256,7.559858344,8.494196065,6.899788236,0.673408448,4.302638731,4.14716351,-0.352807529,-0.14709904,-3.730322426,-1.399418713,-3.63888822,-4.53594759,-3.324857318,-4.53594759,-2.333445956,-3.658496691,-2.320373874,-1.998855187,-3.854776601,-6.664179296,-0.067939525,-0.229775395,-0.116467806,0.163166014,-0.055380919,0.00609045,-0.045954747,0.014724113,-0.059793835,0.019528792,0.012240517,0.044658875,0.010625774,0.012082932,-0.008303439,0.004089011,-0.019522806,-0.010913171,0.002070166,0.003592974,0.000714954,-2.01E-16
    Ap24C14,E,PANDA,yes,Slave,622.1,64970,70760,195300,39770,28.46,1492,1531,5.76,15.58,3.43,46.64,1.08,0.27,0.79,0.16,0.87,0.25,0.63,0.55,0.11,0.11,3.309631331,7.958211383,8.043579628,9.058822596,7.467398618,0.225030072,4.18440326,4.210206875,-1.372532046,-0.37748148,-1.890909259,0.718989021,-3.04650848,-4.432802841,-3.359191854,-4.956050984,-3.262731588,-4.509763882,-3.58550498,-3.721306521,-5.330744434,-5.330744434,-0.458620746,-0.00156081,-0.127824325,0.013333405,0.037248035,0.008429969,-0.020601827,0.054067581,0.005594141,0.072083657,-0.032326255,0.025696288,-0.012256836,0.027275631,0.011860914,-0.004288203,0.00649051,0.011850713,-0.047554429,0.008954938,-0.007309301,6.66E-16
    Ap24C15,E,PANDA,yes,Slave,241.7052681,74900,77610,195700,43130,48.44,1559,2181,19.35,20.09,1.76,4.8,0.96,0.33,1.01,0.25,2.5,0.74,2.57,2.8,0.37,0.05,2.127864597,7.864054683,7.899597078,8.824483667,7.312119603,0.520471432,3.991945383,4.32768428,-0.397162067,-0.359632307,-2.794540677,-1.791238568,-3.400676481,-4.468517111,-3.349904155,-4.746148847,-2.443563754,-3.660959579,-2.415948587,-2.330235069,-4.35410676,-6.35558676,-0.130808764,-0.128984317,-0.088066738,0.094461394,-0.027283464,0.084646343,-0.094916794,-0.009728082,-0.035191732,0.028552565,0.032637928,0.015684504,-0.006375472,-0.025985458,0.013637869,-0.015927793,0.01197069,0.003384436,0.022975279,0.011216073,-7.55E-05,-3.47E-18
    Ap24C16,E,PANDA,yes,Slave,697.5,71210,71700,194200,47310,37.54,2009,1590,7.57,25.25,2.58,30.9,1.65,0.36,1.07,0.23,1.58,0.28,0.78,0.77,0.1,0.19,3.235478203,7.861364226,7.868221715,8.864619524,7.452452658,0.31338272,4.293368054,4.059464984,-1.287831244,-0.083198155,-2.364234912,0.118731873,-2.811249023,-4.333675559,-3.244365663,-4.781700281,-2.854599464,-4.584989987,-3.56048567,-3.573389075,-5.614609404,-4.972755518,-0.429834386,-0.051825812,-0.17143072,-0.026214549,0.062999968,-0.029853706,-0.061238333,0.075324632,-0.018720215,0.072266364,-0.07260945,0.012584432,-0.023062699,0.027795848,0.014646828,0.00729541,-0.01723949,-0.026934733,-0.002831476,-0.002035279,0.003008462,3.47E-17
    Ap24C17,E,PANDA,yes,Slave,272.5420913,81530,67640,193500,37980,53.95,2299,1624,12.73,17.48,2.84,51.97,1.87,0.26,1.3,0.42,2.44,0.59,1.7,1.57,0.19,0.1,2.138100905,7.83903417,7.652262643,8.703340631,7.075122824,0.518365532,4.270537365,3.922955361,-0.925730748,-0.60863479,-2.425888108,0.480974469,-2.843753729,-4.816765808,-3.207327896,-4.337192728,-2.577694121,-3.997324902,-2.939063909,-3.018616541,-5.130423367,-5.772277253,-0.284705679,-0.153619901,-0.201621411,0.015102185,0.007840419,0.048698117,-0.079292014,0.049669023,-0.015299974,-0.041988149,-0.034869099,-0.070545255,-0.031432828,0.030235801,0.014172908,-0.002807974,-0.037676166,0.010033533,-0.0044556,0.000487957,-0.012629413,3.19E-16
    Ap24C18,E,PANDA,yes,Slave,1677,71800,72110,190200,47730,48.33,2951,2072,18.85,17.23,1.51,20.08,1.16,0.16,0.92,0.31,2.75,0.75,2.4,3.19,0.43,0.07,3.891208622,7.648086615,7.65239487,8.622278289,7.23976227,0.344499346,4.456346235,4.102716464,-0.597040226,-0.686901089,-3.121443489,-0.533828845,-3.385133135,-5.366134604,-3.616934749,-4.704736121,-2.521952228,-3.821235212,-2.658084403,-2.373532223,-4.37752321,-6.192813177,-0.227744227,-0.176166399,-0.114207661,0.204081612,-0.089130066,-0.073863681,-0.019477954,-0.018501912,-0.009696489,0.008861662,-0.028561031,-0.047966107,-0.036341675,0.028936869,0.009430583,0.011025166,-0.00599268,0.007908924,0.001148011,-0.002785221,0.003106701,-1.04E-17
    Ap24C19,E,PANDA,yes,Slave,649.8,70590,74860,191500,47460,38.59,777.1,1854,5.43,3.37,1.07,7.62,0.28,0.18,0.39,0.14,0.81,0.23,0.63,0.7,0.13,0.05,3.69469313,8.382672277,8.441403488,9.380671595,7.985671037,0.871021683,3.873597549,4.743129253,-1.090032359,-1.567058749,-2.714312845,-0.751195123,-4.054937169,-4.496769921,-3.723580033,-4.748084349,-2.992692524,-4.251647463,-3.244006953,-3.138646437,-4.822192322,-5.777703767,-0.3162754,0.141401343,-0.00135834,0.15367227,-0.100758043,0.064380196,-0.008088379,0.067317522,0.10689198,0.076450873,0.022434791,0.038149171,-0.042213281,-0.041306898,-0.014853073,-0.006442029,-0.029655549,0.011289129,-0.018507936,0.006868914,0.006735678,-2.43E-16
    Ap24C20,E,PANDA,yes,Slave,1203,42850,71150,185800,75060,64.18,3075,1939,15.57,8.01,0.86,3.35,1.28,0.38,1.15,0.26,2.4,0.63,1.94,2.54,0.37,0.07,3.712453695,7.285340903,7.792425582,8.752306084,7.845923052,0.781571615,4.650940159,4.189807634,-0.634774035,-1.29942926,-3.530942911,-2.171159675,-3.133259943,-4.347704047,-3.240358079,-4.727193669,-2.504651284,-3.842155481,-2.717432048,-2.44795594,-4.374372294,-6.039380058,-0.167914679,-0.10225569,-0.139916836,0.067539881,-0.109948769,-0.107006764,-0.048851602,-0.028658382,0.041818791,-0.006754574,-0.028805489,0.062135458,0.012749018,-0.011474164,-0.016481334,-0.011425002,-0.00110168,0.002083462,0.020143456,-0.00265332,0.002246517,-2.95E-16
    Ap24C21,E,PANDA,yes,Slave,846.9,66330,69790,188000,32280,70.79,2003,1763,13.72,18.47,10.05,57.13,3.1,0.26,1.39,0.22,2.04,0.57,2.07,2.68,0.47,0.34,3.042569407,7.403384345,7.454232795,8.445184025,6.683189905,0.560704531,3.903388119,3.775758965,-1.080158595,-0.782865423,-1.391440583,0.346316156,-2.567611106,-5.046086865,-3.36970947,-5.21314095,-2.986063409,-4.261132135,-2.97146461,-2.713196423,-4.454035801,-4.777822878,-0.361683787,-0.206125103,-0.266193064,0.109027155,0.062884726,-0.052989461,-0.055990157,-0.091662408,0.032618992,-0.026711047,-0.003446778,0.005852044,-0.032183082,0.047330983,-0.053869865,0.014760791,0.023598968,-0.00059811,0.012654666,0.008654662,0.002584339,-3.19E-16
    Ap27C03,E,KIT,no,Slave,264.5079752,39660,78900,183400,75460,61.69,678.6,2453,41.62,4.82,0.009877878,0.056416952,1.34,1.01,4.58,1.04,7.48,1.81,5.23,5.41,0.93,0.003371586,2.437160565,7.447387564,8.135225669,8.978714001,8.090647156,0.981411005,3.379321014,4.664356206,0.587869983,-1.56793691,-7.758168361,-6.015696442,-2.848041224,-3.130760507,-1.61901184,-3.101490125,-1.128478046,-2.547383993,-1.48629956,-1.452461745,-3.213281531,-8.833082882,0.493100101,-0.008992159,-0.128981145,-0.147645709,-0.19648413,0.026847214,-0.055653016,-0.031653332,-0.013632891,0.013594738,0.009084485,-0.013007252,0.01051213,-0.012127017,-0.022906375,0.001140707,0.001716826,0.001321067,-0.007093257,0.000146769,0.009266118,-3.12E-17
    Ap27C04,E,KIT,no,Slave,312.2733726,55410,68420,189700,35510,43.59,880.8,2160,13.11,5.7,0.02529634,0.069599681,0.6,0.33,1.03,0.3,2.13,0.45,1.47,1.64,0.24,0.005314806,3.106826652,8.285463015,8.496368112,9.51614681,7.84051728,1.13777542,4.143778239,5.040811154,-0.063677049,-0.896586172,-6.314147894,-5.302047643,-3.14787797,-3.745714971,-2.607493544,-3.841025151,-1.880930367,-3.435560043,-2.251789946,-2.142356105,-4.064168702,-7.874311127,0.154576503,0.16157357,0.030843354,-0.018400959,-0.142020521,0.037794187,-0.10156979,-0.004000613,-0.058146512,0.053269337,-0.034194784,0.011611929,-0.000134372,-0.017403354,0.024656398,0.014191834,-0.01767424,-0.010773033,-0.016224137,0.000916397,-0.011190931,9.54E-17
    Ap27C05,E,KIT,no,Slave,220.516016,46380,71400,184300,55850,48.62,557.7,2380,25.76,2.93,0.06,2.9,1.57,0.78,3.61,0.66,4.45,1.11,3.25,3.29,0.51,0.005332364,2.211445896,7.56009918,7.991528717,8.939795713,7.745900373,0.699510538,3.139296752,4.590331336,0.06429847,-2.109522008,-5.997935148,-2.119813694,-2.733448812,-3.43298579,-1.900816659,-3.600039875,-1.691620335,-3.080164416,-2.005869435,-1.993636866,-3.857868984,-8.418484952,0.247556584,0.002423488,-0.207228306,-0.132204221,-0.164663004,0.103937392,0.032870312,-0.035041907,0.035860912,-0.032065088,0.017679316,-0.017211234,-0.012546298,0.028704196,-0.00063309,-0.006342819,0.009092314,0.009244855,0.001318752,0.00133406,0.000768513,2.53E-16
    Ap27C06,E,KIT,no,Slave,2338,36970,67950,181400,51360,48.43,624.4,2500,32.96,3.04,0.010718282,0.06222635,1.19,0.81,3.45,0.7,5.69,1.28,4.05,4.76,0.63,0.001764646,4.721620741,7.48243165,8.091097018,9.073029415,7.811184537,0.844689055,3.401360787,4.788615609,0.459864304,-1.923572886,-7.571234784,-5.812407129,-2.861477094,-3.246151433,-1.79705617,-3.392105345,-1.296720153,-2.788570324,-1.63671352,-1.475182733,-3.497465861,-9.375235682,0.434352404,0.083485841,-0.096660346,-0.079970462,-0.235568657,-0.125578004,0.085438013,-0.051735319,-0.018209947,0.039714155,-0.012308062,-0.001988335,-0.02204462,0.021173972,-0.005214434,0.006959855,0.015757385,-0.000575664,0.02589065,0.001257987,-0.007014405,-3.33E-16
    Ap27C07,E,KIT,no,Slave,297.6090475,38890,66720,181400,59870,55.11,618.9,2414,27.86,2.7,0.04,0.32,1.5,0.74,3.44,0.82,5.23,1.42,3.32,3.94,0.67,0.005010719,2.573493723,7.446205446,7.985973056,8.986172835,7.877643843,0.887044207,3.305656728,4.66675342,0.204904987,-2.129035208,-6.341162806,-4.261721264,-2.716821873,-3.423392074,-1.88681551,-3.32073792,-1.467875703,-2.77163011,-1.922322198,-1.751106258,-3.522764548,-8.418462772,0.345973866,0.005186077,-0.170648506,-0.127256739,-0.185506495,0.037020268,-0.004511,-0.053167745,0.037308268,-0.03024562,0.001044625,-0.016214668,-0.028031622,-0.008039804,-0.020272138,-0.004635972,-0.002661889,0.014589392,-0.011734213,-0.020734907,-0.006059933,3.12E-17
    Ap27C08,E,KIT,no,Slave,1222,40600,72710,179200,60740,65.93,603.1,2899,34.64,2.61,0.004471819,0.053086162,0.63,0.77,3.17,0.79,5.74,1.4,4.5,4.58,0.67,0.001038746,4.163695321,7.666974527,8.249685387,9.151708961,8.06980892,1.244044754,3.457534202,5.02757231,0.600460265,-1.985198597,-8.354508783,-5.880387802,-3.406584278,-3.205913583,-1.790817231,-3.180271152,-1.197089608,-2.608076582,-1.440471422,-1.422849821,-3.345026385,-9.814289402,0.508018089,0.110383949,-0.041337895,-0.044242227,-0.283631828,-0.037159025,0.07197763,0.002401167,-0.012696131,0.03558247,-0.012481214,0.005818295,-0.001300839,-0.005619922,-0.006555176,0.00087341,0.003492826,0.010689858,0.014142209,0.013836516,0.001280397,-2.50E-16
    Ap27C09,E,KIT,no,Slave,259.4013257,32490,73700,182600,78940,63.07,594.2,2796,42.74,2.84,0.003866714,0.056984162,1.12,0.99,4.5,1.03,7.49,1.78,5.44,6.2,0.88,0.002392929,2.514072452,7.344383698,8.163454147,9.070749316,8.232139418,1.09994129,3.342912032,4.891641172,0.710831319,-2.000499879,-8.599654208,-5.909285841,-2.930975246,-3.054354267,-1.540226534,-3.014745129,-1.030735133,-2.467690567,-1.35052487,-1.219754639,-3.172137302,-9.079541229,0.552362035,0.026747236,-0.129624268,-0.138797964,-0.247614404,0.043575295,-0.037966986,-0.044827658,0.021166396,0.008002323,-0.009418352,0.003943874,0.012223015,-0.013755047,-0.004279677,0.006000187,-0.001262771,0.008114629,0.006571373,-0.000459323,0.001124627,-1.67E-16
    Ap27C10,E,KIT,no,Slave,268.6021533,39560,72110,184200,65840,59.43,832.6,2792,36.62,5.73,0.011665924,0.071611022,1.09,0.97,4.23,0.88,6.72,1.55,4.58,4.74,0.74,0.003538253,2.482684074,7.475026559,8.075400783,9.013230176,7.984435609,0.974251923,3.614006108,4.823966237,0.490047313,-1.364831696,-7.56163039,-5.747053511,-3.02436953,-3.141006434,-1.668345233,-3.238380598,-1.205459072,-2.672292296,-1.588848228,-1.554510091,-3.411652319,-8.754669384,0.451689658,-0.003959365,-0.103366356,-0.128330879,-0.192622945,0.038754654,-0.050572774,-0.007634352,-0.02577005,0.018434312,-0.02058448,0.021452791,0.00641477,-0.017958445,-0.001759172,0.008541458,0.011774983,-0.001345031,-0.003144823,0.0008963,-0.002109388,8.33E-17
    Ap27C11,E,KIT,no,Slave,249.5405583,46440,73380,185100,57080,69.25,762.2,2597,46.32,4.58,0.009387296,0.48,0.69,0.86,4.03,0.96,7.77,1.89,5.84,6.58,0.94,0.003774348,2.30298407,7.529279046,7.986769308,8.912014109,7.735571682,1.021085755,3.419571598,4.645474822,0.618936443,-1.694938392,-7.885035391,-3.950606565,-3.587701071,-3.36746028,-1.822871014,-3.257459385,-1.166367226,-2.580060561,-1.451906593,-1.332602645,-3.278512794,-8.796164916,0.453415431,-0.055705034,-0.129519234,-0.038207932,-0.230436864,0.089339254,-0.017622494,0.040871164,0.019171405,0.006642611,0.028773847,0.001174663,0.01563968,0.005390676,-0.006044672,-1.67E-05,0.002136285,-0.002207028,0.010177182,-0.001865239,-0.000467056,-1.32E-16
    Ap27C12,E,KIT,no,Slave,264.0272586,64920,75500,188900,40590,70.86,486.4,2187,10.9,2.37,0.017897338,0.060795496,0.75,0.25,0.88,0.23,1.87,0.47,1.57,1.87,0.32,0.003242756,3.029638129,8.5344968,8.685473714,9.602558832,8.064862788,1.714291878,3.640617109,5.143871799,-0.157651432,-1.683524266,-6.569517531,-5.346653801,-2.834096294,-3.932708583,-2.674247593,-4.016090192,-1.920475791,-3.301436806,-2.095338602,-1.920475791,-3.685848505,-8.277745864,0.197115087,0.246783136,0.022002075,0.009629346,-0.166611955,0.078320806,-0.087037092,-0.099883024,-0.028992463,0.007468179,-0.005008558,-0.028105916,0.002540663,-0.004878489,-0.026143079,-0.01012465,-0.011364774,-0.00131274,0.001310966,0.002773586,0.006634468,-1.87E-16
    Ap27E03,E,KIT,no,Slave,330.4250515,35440,67470,183200,132.3274599,346.8,133.9,2030,26.47,1.79,0.003580482,0.010612436,0.61,0.61,2.88,0.61,4.46,0.96,3.02,3.15,0.45,0.002815805,3.388935571,8.064152115,8.707994044,9.706889441,2.473835318,3.437303955,2.485648963,5.204346782,0.864567726,-1.82922867,-8.043702066,-6.957173009,-2.905740612,-2.905740612,-1.353653996,-2.905740612,-0.916295524,-2.452266285,-1.306187459,-1.264041837,-3.209951986,-8.283951247,0.665753682,0.340466833,-0.135192209,0.021698708,0.026101249,0.002751969,-0.08099858,0.034433651,0.045690453,-0.062901133,0.0245691,0.007671704,-0.012700805,-0.000178991,0.039232111,0.014981594,0.005470771,-0.003202868,-0.0130409,0.003613302,0.000167006,3.64E-16
    Ap27E04,E,KIT,no,Slave,335.0385072,53230,68220,190900,117.4918666,339.5,63.61,1213,4.79,2.95,0.0251065,0.018574745,0.81,0.22,0.69,0.11,0.75,0.18,0.44,0.59,0.1,0.006618596,3.912558972,8.980690926,9.228806556,10.25781851,2.864682611,3.925787447,2.251084191,5.199165409,-0.335156089,-0.81988133,-5.586314992,-5.887638939,-2.112407531,-3.415814233,-2.272750181,-4.108961413,-2.189368573,-3.616484928,-2.722667052,-2.429319242,-4.204271593,-6.919558524,0.186976142,0.569169384,-0.064511489,0.039981276,0.22734379,0.012068761,-0.113762391,-0.046665223,-0.025636527,0.014931687,0.000506596,-0.02178633,0.021016094,0.018663322,-0.011160015,0.006476328,0.006784472,-0.005364569,-0.025922341,-0.024298812,0.003181592,2.76E-16
    Ap27E05,E,KIT,no,Slave,2628,35760,68990,184300,120.1805643,413.2,149,2010,28.24,1.81,0.004670014,0.006652734,0.71,0.73,2.76,0.65,4.64,1.05,3.06,3.37,0.47,0.00183806,5.35615467,7.966761519,8.623893135,9.606496434,2.271171605,3.506108027,2.486122596,5.088066291,0.822915703,-1.924496865,-7.884416847,-7.530551058,-2.860314019,-2.832534455,-1.50259303,-2.948606626,-0.983109344,-2.469033546,-1.399408794,-1.302910966,-3.272846294,-8.816868135,0.660322106,0.373925051,-0.125821827,0.057556692,0.011157613,-0.16661624,0.031690921,0.031507712,0.020421969,-0.039538727,0.018694891,0.010569052,-0.025637206,0.011649489,0.021413106,-0.001253258,-0.003878543,0.000104779,0.002835146,0.000409569,0.001579189,1.49E-16
    Ap27E06,E,KIT,no,Slave,4359,58040,67600,187600,43.65031158,1268,212.2,2593,22.25,26.47,0.58,1.24,0.67,0.23,1.01,0.3,2.84,0.92,3.19,4.75,0.75,0.05,5.192199832,7.781089586,7.933565141,8.954269195,0.5884123,3.957398014,2.169731106,4.672772665,-0.085456112,0.088213896,-3.732525296,-2.972686741,-3.588275687,-4.657474091,-3.17784779,-4.391770925,-2.143994069,-3.27117973,-2.027777204,-1.629653503,-3.475480193,-6.183530394,0.183620959,0.095181642,-0.173246954,0.447554862,0.27554798,-0.115513611,0.036365244,0.015553459,-0.002738482,0.007754127,-0.008998077,0.027745484,-0.02182983,-0.012324253,-0.01406599,0.012476407,-0.000900768,0.011230484,0.005963877,0.007816126,0.002970801,-3.33E-16
    Ap27E07,E,KIT,no,Slave,324.8176906,58660,71030,191500,46.04782821,1048,74.99,1717,8.14,8.5,0.12,0.059675081,0.76,0.35,0.84,0.2,1.36,0.31,0.95,0.91,0.13,0.01,3.456841585,8.653090855,8.844435114,9.8362206,1.503258112,4.628216377,1.990932284,5.121911373,-0.229632308,-0.186356324,-4.446686024,-5.145263229,-2.600859333,-3.376244612,-2.500775875,-3.9358604,-2.018937788,-3.497605469,-2.377715782,-2.420733167,-4.366643316,-6.931592674,0.232369467,0.44045343,-0.110857608,0.119049851,0.319074372,0.046084623,-0.0749557,0.035697595,-0.050311721,-0.014357197,-0.015976548,0.003184754,0.026344941,-0.044661643,0.005041072,-0.013744505,-0.026184034,-0.003465293,0.002513483,0.008827728,0.003444258,-1.51E-16
    Ap27E08,E,KIT,no,Slave,1129,35480,68270,182600,123.5905516,428.9,151.2,1989,27.69,2.12,0.00455262,0.008642526,0.64,0.8,2.97,0.64,4.46,1.07,2.94,3.25,0.47,0.00248852,4.519302075,7.966938947,8.621440221,9.605267758,2.30718861,3.551438303,2.508817975,5.08560179,0.811285848,-1.7583694,-7.90183781,-7.260845887,-2.956072592,-2.73292904,-1.421223536,-2.956072592,-1.014636723,-2.442126841,-1.431375908,-1.331130493,-3.264808073,-8.505852633,0.655714513,0.347342028,-0.135875897,0.039024204,0.030741138,-0.099802249,-0.014450292,0.05283151,0.026981692,-0.042036297,0.023409081,0.029385886,-0.010844258,0.004004124,0.019827387,-0.000975135,0.000544224,0.002950655,-0.004866835,-0.003606629,0.000702836,2.32E-16
    Ap27E09,E,KIT,no,Slave,954.1,63830,69070,193500,43.93759945,488.8,36.68,1310,5.54,5.68,0.026254182,0.023017806,0.94,0.33,0.83,0.13,0.82,0.23,0.65,0.74,0.1,0.005381739,4.828564403,9.031774493,9.110671677,10.14082871,1.750566348,4.159749323,1.570027562,5.145578331,-0.320209584,-0.295252852,-5.67213408,-5.803691291,-2.094079489,-3.14086671,-2.218533663,-4.072424914,-2.230655024,-3.501880055,-2.462987001,-2.333309178,-4.334789178,-7.256947826,0.247230093,0.581252744,-0.092758284,0.073041608,0.311046184,-0.039900755,-0.032644831,-0.026013884,-0.073417784,0.06642085,0.011859572,-0.020027378,0.005693865,0.043212256,-0.011442684,-0.011908671,0.002593672,0.008229513,0.007343655,0.000469504,-0.006440756,6.68E-17
    Ap27E10,E,KIT,no,Slave,1086,43410,65140,186400,40.37851718,1008,65.46,2143,20.56,6.34,0.47,7.18,0.46,0.18,0.79,0.26,2.87,0.79,2.69,3.57,0.52,0.02,4.086565805,7.774754413,8.180603384,9.231959486,0.794607195,4.012032753,1.277748574,4.7662713,0.119656745,-1.056811927,-3.658713279,-0.932391312,-3.680219485,-4.618489123,-3.139413029,-4.250764343,-1.849378665,-3.139413029,-1.914149502,-1.631125099,-3.557617163,-6.815713701,0.23278868,0.160768588,-0.221889435,0.41454853,0.228562512,0.043590217,0.09135228,0.002897007,0.105414824,-0.034937376,0.051359796,-0.045189847,-0.004423753,-0.037309399,0.020982444,-0.011728318,-9.94E-05,-0.00091048,0.018165673,0.001740785,0.003461669,-5.03E-17
    Ap27E11,E,KIT,no,Slave,867.4,52570,66690,188300,74.41108694,1281,145.3,1858,11.1,7.74,0.11,0.44,0.98,0.31,1.24,0.21,1.62,0.4,1.29,1.48,0.25,0.01,4.13051908,8.234919743,8.472829144,9.510810563,1.674623798,4.520415151,2.343819419,4.892274768,-0.228036043,-0.588579464,-4.842256064,-3.455961703,-2.655183858,-3.806164133,-2.419869772,-4.195628899,-2.152555002,-3.551271883,-2.380338933,-2.242939063,-4.021275512,-7.240151337,0.198431671,0.335207468,-0.172491965,0.185094181,0.246972494,-0.018613363,0.0050601,0.006790555,-0.033940403,-0.060977257,-0.036358493,0.013151052,0.050359797,0.012382508,-0.019117234,0.00331867,0.003198841,0.002284682,-0.003758486,0.004884735,0.001724981,-1.05E-16
    Ap27E12,E,KIT,no,Slave,2564,32960,63120,182300,115.6867325,503,163.3,1961,20.17,2.14,0.010711031,0.02149028,0.73,0.51,1.96,0.4,3.19,0.73,2.11,2.27,0.35,0.003307116,5.355046882,7.908773048,8.55851602,9.619132025,2.256609021,3.726313234,2.601312064,5.086932891,0.509919416,-1.733471107,-7.03075808,-6.334431486,-2.80898768,-3.167621489,-1.821332462,-3.410567668,-1.334256019,-2.80898768,-1.747588988,-1.674497104,-3.54409906,-8.205955778,0.500159348,0.372145424,-0.1385695,0.102551508,0.056125553,-0.1569125,0.033181097,0.01615279,0.028370022,-0.044382413,-0.017194455,0.023609599,-0.007997033,0.004298198,0.018037834,-0.003944727,0.010418729,-0.002173948,-0.000793335,0.001477524,-0.004961476,3.19E-16
    Ap24E03,E,NEW ELANDS,no,Kaapvaal,469,55880,76000,196700,36400,17.43,304.6,762.5,0.35,1.99,4.67,0.077329656,0.29,0.11,0.33,0.04,0.31,0.06,0.21,0.22,0.03,0.003254731,4.297005475,9.07736452,9.384891325,10.33583771,8.64872676,1.004595566,3.865402147,4.783005215,-2.903419418,-1.165462655,-0.312438222,-4.413275048,-3.09147165,-4.060872207,-2.962259918,-5.072473119,-3.024780275,-4.667008011,-3.414245042,-3.367725026,-5.360155191,-7.581242935,-0.315980065,0.418927497,0.231678771,-0.079593938,-0.002256096,0.000617647,0.008069937,-0.010890049,0.019693139,0.059156716,0.071530165,-0.045035421,0.044924535,-0.005862387,-0.013742567,0.037375148,0.048246924,-0.002854393,0.02109963,0.010512116,0.0045334,-4.96E-16
    Ap24E04,E,NEW ELANDS,no,Kaapvaal,322.9766141,40940,72090,193700,51010,20.65,400.9,1014,2.76,2.3,4.88,0.95,1.41,0.31,0.51,0.08,0.42,0.07,0.22,0.28,0.04,0.007239987,3.439648042,8.281930983,8.847738741,9.836133973,8.501845094,0.689783443,3.655780143,4.583726307,-1.322701197,-1.505022754,-0.752786657,-2.389225171,-1.994342172,-3.509114858,-3.01127643,-4.863660521,-3.205432444,-4.997191914,-3.852059609,-3.610897553,-5.556807702,-7.266067743,-0.376942898,0.325104877,-0.042310167,-0.219866813,0.012866649,0.00909181,0.038348147,-0.089660406,-0.010523256,0.022259306,0.032181545,0.008059594,0.045380429,-0.028959811,0.013009933,0.030171581,-0.0148927,-0.009422444,-0.005960584,-0.014151636,-0.000780359,-1.99E-16
    Ap24E22,E,NEW ELANDS,no,Kaapvaal,547.8,65360,67760,192100,16230,38.15,1217,1769,0.67,12.23,6.91,0.081957619,0.48,0.32,0.9,0.22,1.86,0.44,1.55,2.06,0.31,0.01,3.495561445,8.277316918,8.313378518,9.355422537,6.884267849,0.831176946,4.293795281,4.667820882,-3.210826378,-0.306456862,-0.877379174,-5.31190182,-3.544317987,-3.949783095,-2.915709327,-4.324476544,-2.189772324,-3.631329364,-2.372093881,-2.087642829,-3.981531793,-7.415518998,0.012878338,0.020143472,0.171864716,0.027995713,0.021635127,-0.023899041,-0.040756744,0.002657578,-0.015692393,0.000370935,0.041339231,0.050936739,-0.028069851,-0.001156414,-0.008141641,0.010643981,-0.007595202,-0.01327251,0.007751114,-0.00117136,-0.009094557,-1.43E-16
    Ap24F03,E,NEW ELANDS,no,Kaapvaal,256.3445331,63770,70880,193800,37130,20.1,746.8,1460,0.56,6.52,14.59,0.087799382,0.85,0.35,1.04,0.21,1.3,0.28,0.65,0.67,0.09,0.01,2.940535044,8.457050812,8.562756258,9.568594651,7.916193219,0.394732487,4.009810084,4.680204387,-3.185805823,-0.731112952,0.074349035,-5.038688146,-2.768506257,-3.655809452,-2.566766615,-4.166635076,-2.343623063,-3.878953004,-3.036770244,-3.006464894,-5.013932936,-7.211157514,-0.117443393,0.138709785,0.118536349,-0.187002481,0.045126459,0.018148175,-0.042775703,0.010551128,-0.003445017,-0.001044113,0.012963268,-0.009166498,-0.061705175,-0.026739676,0.002008152,0.00809385,0.003083587,0.001779226,0.00134324,-0.016246379,-1.53E-05,-1.05E-16
    Ap24F04,E,NEW ELANDS,no,Kaapvaal,219.4004672,59690,75130,188400,17800,40.77,644.3,2115,0.35,33.65,7.42,0.3,0.49,0.49,2.02,0.56,4.47,1.26,4.06,4.76,0.67,0.004815983,2.286462059,7.892483163,8.122538607,9.041886023,6.682517118,0.603509899,3.363727838,4.552373473,-4.154258743,0.411576438,-1.100257561,-4.308409423,-3.817786506,-3.817786506,-2.401339107,-3.684255113,-1.60704821,-2.873324897,-1.703253645,-1.54418895,-3.504914185,-8.440251772,0.254510662,-0.164666018,0.158998615,-0.008424624,0.080069257,0.100307694,0.015928682,0.032808079,-0.009816724,0.021076906,0.055326138,-0.011782919,-0.008201006,0.019169946,0.0051524,-0.004767501,-0.009059609,0.005519392,0.002173552,0.002711734,0.004140306,1.08E-16
    Ap24F05,E,NEW ELANDS,no,Kaapvaal,260.3011455,54620,66280,189900,49610,24.47,1370,1281,1.27,11.61,50.77,0.098615732,2.5,0.68,1.86,0.38,2.42,0.46,0.99,0.68,0.1,0.02,2.557500473,7.903816655,8.097304732,9.149914157,7.807608966,0.193109138,4.218227279,4.151057562,-2.765321839,-0.552471944,0.922966889,-5.320863218,-2.088048008,-3.390001221,-2.383762252,-3.971922766,-2.1205712,-3.780867529,-3.014389076,-3.390001221,-5.306923833,-6.916361745,-0.129191607,-0.005542631,-0.018669179,-0.314209932,0.094219464,-0.06371583,-0.061255393,0.016374214,-0.042259052,-0.053362131,-0.007777685,-0.027543631,-0.065624946,-0.053181807,-0.005354646,-0.023669956,-0.001538558,-0.01355675,0.007485661,-0.009152854,-0.011134667,2.78E-17
    Ap24F06,E,NEW ELANDS,no,Kaapvaal,298.0802383,68010,74640,192300,68160,24.85,508.3,1241,24.9,3.08,9.62,5.32,2.27,0.42,0.62,0.11,0.4,0.1,0.33,0.37,0.05,0.01,2.94606169,8.376109016,8.469130819,9.415510915,8.378312145,0.461556736,3.479770808,4.372371769,0.463566787,-1.62637142,-0.487456752,-1.079827713,-1.931521185,-3.618801584,-3.229336818,-4.95857593,-3.667591748,-5.05388611,-3.859963641,-3.74555329,-5.74703329,-7.356471203,-0.452876829,0.254262468,-0.168292454,-0.194500286,-0.012298658,0.053628177,0.064124345,-0.084382423,-0.087152285,0.001208547,0.076150854,0.009370273,0.012854546,-0.046116158,-0.005660335,0.026751583,-0.024955654,0.034262248,0.00377115,0.003001298,-0.010177752,-6.17E-16
    Ap24G03,E,NEW ELANDS,no,Kaapvaal,334.3167925,83150,81010,193300,20850,44.73,1884,2333,1.78,17.54,20.47,4.66,0.68,0.32,1.1,0.33,2.48,0.64,2.18,3.01,0.51,0.01,2.531089974,8.047402435,8.021328833,8.890999616,6.664110178,0.519645368,4.260153405,4.473911222,-2.704385685,-0.416515063,-0.26203865,-1.741983602,-3.66666153,-4.420433333,-3.18568887,-4.389661674,-2.372740489,-3.727286152,-2.501674173,-2.179058971,-3.954343603,-7.886169236,-0.07482515,-0.121372566,0.072831576,0.077127493,-0.005134901,0.084292997,0.031316741,0.00546283,-0.03306479,-0.061244642,0.054123119,0.022326207,-0.011844824,0.011727489,0.020030262,0.007813482,-0.022233414,0.001518015,-0.021749486,-0.005215819,0.018816658,1.16E-16
    Ap24G04,E,NEW ELANDS,no,Kaapvaal,237.1055845,78610,77920,192100,43120,20.96,939.5,1501,5.29,5.69,9.44,13.07,0.94,0.36,0.77,0.16,0.98,0.3,0.86,0.69,0.1,0.02,2.508268151,8.312016802,8.303200543,9.205533954,7.711504811,0.082378465,3.885110424,4.353649437,-1.294419149,-1.221527147,-0.715281415,-0.389917867,-3.022112799,-3.981888642,-3.221602159,-4.792818859,-2.980440102,-4.164210199,-3.111060285,-3.331301076,-5.262822488,-6.8722604,-0.318528669,0.062073871,-0.063616262,-0.068560144,-0.023639401,0.09849827,0.013443684,0.020808025,-0.002824625,-0.002624609,0.07242084,0.001804763,-0.02631282,-0.004139353,0.030272836,-0.035229634,0.0063061,0.023482168,0.004135495,0.016643268,0.002018037,4.28E-16
    Ap24G05,E,NEW ELANDS,no,Kaapvaal,215.8044229,70220,75650,190200,38950,20.66,771.3,1304,0.8,4.99,6.11,0.56,0.87,0.24,0.89,0.13,0.84,0.23,0.71,0.65,0.13,0.01,2.775666104,8.560682005,8.635166275,9.557124985,7.971327607,0.429493019,4.049370958,4.574485298,-2.821849996,-0.991270535,-0.788779671,-3.17852494,-2.737968512,-4.0258228,-2.715240261,-4.638927273,-2.773059832,-4.068382415,-2.941196753,-3.029489361,-4.638927273,-7.20387663,-0.194249738,0.142734382,0.079365573,-0.112870313,0.007025935,0.061596669,-0.041599779,-0.04173948,-0.001789557,-0.014917198,0.047866121,-0.012691668,-0.014990575,0.033551186,-0.016518078,0.00459738,0.030031425,0.012104675,-0.023139939,0.014339291,0.006341845,3.30E-16
    Ap24G06,E,NEW ELANDS,no,Kaapvaal,282.9324339,71680,70640,192800,16700,33.66,1263,2314,0.106715998,14.2,9.38,0.04329241,0.29,0.18,0.85,0.23,2.15,0.5,1.69,2.24,0.32,0.003402482,3.018034466,8.552793394,8.538178181,9.542235007,7.095990345,0.889136535,4.514071468,5.119559254,-4.864757847,0.026068311,-0.388593891,-5.766951592,-3.86504801,-4.341972082,-2.789692583,-4.096849624,-1.861705812,-3.320320834,-2.102445125,-1.820697788,-3.766607937,-8.310423836,0.109821157,0.025609262,0.344945359,0.051392872,0.015040283,0.068311896,-0.041332927,0.000902275,-0.016403199,-0.030633313,-0.006834135,0.011593681,-0.036341109,0.010381542,0.023554436,0.019277916,0.001846427,-0.004182813,-0.007012691,-0.002565346,0.005548223,5.55E-17
    Ap24G07,E,NEW ELANDS,no,Kaapvaal,531.7,74220,74040,192000,40520,24.33,840.3,1442,0.97,4.84,7.4,1.02,0.87,0.38,0.92,0.14,0.95,0.21,0.64,0.71,0.11,0.01,3.554464866,8.49317438,8.490746212,9.443636096,7.887936404,0.470095602,4.012144416,4.552171763,-2.752073762,-1.144699834,-0.720134555,-2.701811927,-2.860876622,-3.689198581,-2.804996164,-4.687727411,-2.772907849,-4.282262303,-3.167901657,-3.064104864,-4.928889468,-7.326784741,-0.225537987,0.157871025,0.05296224,-0.111726789,-0.003046026,0.008607677,0.033923309,-0.006174113,-0.003449912,0.000856481,0.041757422,0.031544607,-0.024031588,0.032815555,-0.01582014,-0.000578545,0.007348497,-0.007261587,0.009957,0.000249652,0.006334605,-6.07E-17
    Ap24G08,E,NEW ELANDS,no,Kaapvaal,259.4314207,66400,76770,188300,36380,37.2,1334,2641,0.84,26.58,28.03,3.26,0.69,0.52,1.61,0.48,3.91,0.99,3.4,3.53,0.47,0.006017543,2.214956773,7.759916716,7.905033598,8.802256095,7.158238833,0.272773142,3.852401607,4.535377293,-3.517889007,-0.063376566,-0.010260254,-2.161808424,-3.714599301,-3.997462087,-2.86730144,-4.077504794,-1.979998245,-3.353585955,-2.119760188,-2.082237748,-4.098558204,-8.456611844,0.048391025,-0.190404604,0.093849647,-0.008821694,0.02106539,0.113574897,0.074572877,0.026789379,-0.027849463,-0.030135243,0.032020916,0.015591718,-0.015440848,-0.007870684,0.037470366,-0.018810288,-0.017583965,0.004102298,0.01095399,0.010719327,0.009960608,-3.12E-17
    Ap24G09,E,NEW ELANDS,no,Kaapvaal,1893,80180,69740,192400,16550,33.27,1235,1798,0.82,14.01,21.86,1.19,0.28,0.38,1.35,0.29,2.13,0.52,1.75,1.82,0.31,0.003599948,4.501640681,8.247751916,8.108251851,9.123054347,6.669863911,0.46037862,4.074548779,4.450152745,-3.242728408,-0.404506109,0.040381013,-2.870324163,-4.317243146,-4.011861496,-2.744172877,-4.282151826,-2.28815549,-3.698203937,-2.484661682,-2.445440969,-4.215460451,-8.671113311,-0.024218601,-0.030610491,0.172284503,0.07259627,-0.021559501,-0.042948138,0.162809657,0.125649037,-0.024930998,0.004029095,0.076151215,0.031098678,-0.027006617,0.025835865,-0.004997486,0.018389513,0.017961832,-0.003774648,-0.001090199,0.011816272,-0.006485042,-1.39E-17
    Ap24G10,E,NEW ELANDS,no,Kaapvaal,271.2942926,79600,72060,191700,18360,36.44,1286,1664,0.76,36.27,18.11,1.23,0.41,0.43,1.71,0.55,5.08,1.43,4.45,4.92,0.78,0.006914669,2.298816426,7.980381616,7.880866628,8.859299173,6.513541908,0.291279316,3.854904149,4.112591865,-3.578824602,0.286603197,-0.407923484,-3.097373587,-4.195985875,-4.148357826,-2.767894386,-3.902224757,-1.679076495,-2.946713312,-1.81148366,-1.711079226,-3.552849115,-8.278497953,0.146677465,-0.257297059,0.13271658,0.059945683,0.036760128,0.075615087,0.017920324,0.090740501,-0.024899664,-0.017398381,0.111782814,-0.030771953,-0.008266393,0.026183806,0.000715518,-0.022630233,-0.00858902,-0.012533077,0.000180003,-0.005650726,-0.005916325,3.89E-16
    Ap24G11,E,NEW ELANDS,no,Kaapvaal,2864,78220,71550,193900,21240,41.04,1144,2065,0.56,8.72,7.89,0.077355227,0.31,0.25,0.72,0.18,1.31,0.29,1.11,1.38,0.2,0.001732802,5.281961886,8.589268006,8.500139142,9.497085199,7.285628833,1.036534558,4.364273529,4.954872863,-3.257831138,-0.512393405,-0.612416508,-5.237359777,-3.849195624,-4.064307004,-3.00651671,-4.392811071,-2.407985505,-3.915886999,-2.573652627,-2.355929143,-4.287450555,-9.036027952,-0.022422119,0.157142925,0.27505821,0.074411243,-0.050391684,-0.092881113,0.129805106,0.028703302,-0.070886997,0.012185969,0.016798428,0.038220972,-0.023090468,0.000569645,-0.006253153,0.027893027,-0.005273431,0.000510201,0.013642579,0.012736819,-0.002075847,-4.96E-16
    Ap24G12,E,NEW ELANDS,no,Kaapvaal,332.4501247,70160,72470,189500,19070,41.93,1308,3849,6.51,12.43,25.15,24.84,1.52,0.18,0.69,0.19,1.89,0.5,1.77,2.98,0.44,0.03,2.437695813,7.789739592,7.822133927,8.783350269,6.487077664,0.367207526,3.807460497,4.886774618,-1.495454579,-0.848681129,-0.143936138,-0.156338778,-2.9500837,-5.083592463,-3.739857716,-5.029525242,-2.732217206,-4.061941215,-2.797814488,-2.276870734,-4.189774587,-6.875351932,-0.232063964,-0.091409002,-0.058627867,0.152827364,0.005389177,0.123934438,0.028527197,-0.160411137,-0.014068875,-0.058251754,-0.019107446,0.030408011,-0.074033231,-0.025177626,0.060659178,0.017680245,0.005455946,0.008198161,-0.00882282,-0.009163636,0.017186727,1.70E-16
    Ap24G13,E,NEW ELANDS,no,Kaapvaal,322.6470531,82050,70370,194400,21360,52.21,2081,2066,1.99,28.61,72.76,4.42,1.31,0.47,1.88,0.51,4.02,1.03,3.44,4.99,0.73,0.007988587,2.229432367,7.767957453,7.614395671,8.630546527,6.422148649,0.408147404,4.093477183,4.086243006,-2.858992005,-0.193370337,0.74003971,-2.060986948,-3.277099507,-4.302149228,-2.915854867,-4.220471197,-2.155844741,-3.517567842,-2.311655172,-1.939690734,-3.861837389,-8.376868004,-0.006487122,-0.246416419,0.013313282,0.009423926,0.042323568,0.051622357,0.059225663,-0.015045582,-0.075465445,-0.109733216,0.073497104,-0.007469452,-0.011153451,0.020927028,-0.000814245,0.005336152,-0.021123718,-0.001700524,0.00297784,-0.019111474,-0.005597721,9.02E-17
    Ap24G14,E,NEW ELANDS,no,Kaapvaal,1477,64790,71010,191600,40130,31.36,889.2,1500,1.38,5.06,8.07,2.02,0.76,0.41,0.65,0.12,0.97,0.21,0.57,0.52,0.11,0.01,4.513341314,8.294479581,8.386149022,9.378738176,7.815452494,0.661106227,4.005895213,4.528793418,-2.46234347,-1.163060486,-0.696273487,-2.081329457,-3.058863815,-3.676025088,-3.215209885,-4.904690505,-2.814886176,-4.345074717,-3.346545887,-3.438353436,-4.991701882,-7.389597155,-0.285103925,0.164976958,0.036229798,-0.04966515,-0.015448827,-0.059102437,0.106859325,0.011443444,-0.003028012,0.026277574,0.023473873,0.051059119,-0.012815128,0.001472518,-0.016263819,-0.043813917,0.005724261,-0.027819051,0.000524415,0.002313619,0.002540373,2.03E-16
    Ap24G15,E,NEW ELANDS,no,Kaapvaal,183.6750252,74150,71710,192500,39690,21.63,775,1466,0.85,4.5,4.18,0.53,0.86,0.29,0.78,0.12,0.78,0.16,0.6,0.58,0.09,0.01,2.685386216,8.686063535,8.652603674,9.64006962,8.061072733,0.546299427,4.125081217,4.76251107,-2.690300742,-1.023704416,-1.097470566,-3.162660085,-2.678604702,-3.765656169,-2.776243172,-4.648045349,-2.776243172,-4.360363276,-3.038607436,-3.072508988,-4.935727421,-7.132951999,-0.218317335,0.197337345,0.07863519,-0.136675105,0.003956213,0.084907945,-0.047882579,-0.03328908,-0.014739665,-0.008340642,0.024982381,0.023113302,-0.019387214,0.025394289,0.00146413,0.013468274,0.004515123,-0.008408436,0.000183841,0.018221375,-0.001289178,1.02E-16
    Ap27G21,E,ZERO,no,Kaapvaal,263.1691006,83920,86510,192500,44300,108.7,856.4,2589,30.05,18.74,0.021990431,0.19,0.81,0.68,2.22,0.55,4.23,1.24,3.1,3.61,0.51,0.005961763,2.42820592,8.193028369,8.223424419,9.023260559,7.554149082,1.54400092,3.608146683,4.714436106,0.258271787,-0.213930597,-6.961738761,-4.805322081,-3.355311905,-3.530253355,-2.347083678,-3.742427875,-1.702388881,-2.929479494,-2.013188762,-1.860883101,-3.817935427,-8.26697993,0.268891186,0.02700047,-0.041901538,-0.005160603,-0.088805451,0.089852746,-0.085217461,0.049989821,-0.118897917,0.069045346,-0.009989541,0.003291121,0.031860851,-0.006885319,-0.028484802,-0.019347772,-0.007030871,0.007471556,0.007703748,-0.011491754,0.016222781,-3.82E-16
    Ap27G22,E,ZERO,no,Kaapvaal,261.9475554,57810,63600,190200,44300,62.2,685.9,1663,4.96,0.41,0.02760237,7.75,0.38,0.15,0.5,0.13,1.03,0.11,0.61,0.61,0.09,0.003099516,3.261586219,8.658358956,8.753810655,9.849273335,8.392181862,1.823796906,4.22417375,5.109820385,-0.705152353,-3.198156213,-5.896411732,-0.258865251,-3.27414212,-4.203678079,-2.999705275,-4.346778923,-2.276999292,-4.513833007,-2.800854416,-2.800854416,-4.714503703,-8.083067289,-0.116920252,0.354907237,-0.024674956,0.032054698,-0.270478708,0.138425722,0.03202198,-0.000446533,0.100580578,-0.088383691,-0.025320247,-0.021613148,0.037727919,0.038397756,0.023767638,0.017680807,-0.051035669,-0.056949051,0.011471084,0.025574248,-0.003310365,1.06E-16
    Ap27H03,E,ZERO,no,Kaapvaal,270.4904725,61760,57850,187300,24110,58.54,805.1,2322,0.89,8.54,3.09,1.19,0.4,0.22,0.84,0.11,1.52,0.39,0.93,0.88,0.19,0.006032289,2.901954639,8.332728948,8.267326496,9.442184652,7.392099735,1.371428045,3.992684257,5.051901926,-2.814816053,-0.553521229,-1.570111146,-2.524328929,-3.614572968,-4.212409969,-2.872635624,-4.90555715,-2.279571902,-3.639890776,-2.770852929,-2.826115608,-4.359013443,-7.808910969,-0.086087824,0.088220564,0.122078952,0.056099801,-0.003921342,0.121467998,0.026467881,0.012733278,-0.012147202,-0.015616257,-0.044748904,0.045157738,0.002716837,-0.018565643,-0.003331615,-0.032906982,0.078571022,-0.021587591,-0.001912959,-0.009889916,-0.01309115,6.30E-16
    Ap27H04,E,ZERO,no,Kaapvaal,134.0267614,65650,61560,192900,25000,57.99,725.1,2057,0.108376711,13.8,9.73,0.25,0.46,0.19,1.23,0.23,2.37,0.45,1.37,1.57,0.17,0.01,2.187370938,8.381424326,8.317099035,9.459258646,7.41596255,1.349602029,3.875641023,4.918335336,-4.93281061,-0.085999961,-0.435454657,-4.096962914,-3.487197343,-4.37139976,-2.503654384,-4.180344523,-1.847778598,-3.50917625,-2.395857814,-2.259592934,-4.482625395,-7.315838739,0.020413097,0.009330066,0.200872345,-0.019103052,0.091746914,0.135324558,-0.057137109,0.027485368,0.036827806,-0.036103936,-0.062514351,-0.029547761,-0.031632129,0.005572358,-0.010037608,0.01927836,0.017343655,-0.013510532,0.03700315,-0.007063174,-0.007230835,-4.42E-16
    Ap27H05,E,ZERO,no,Kaapvaal,170.6178192,56480,68150,190400,48540,68.84,828.5,1672,0.39,5.37,0.49,0.99,0.54,0.19,0.83,0.12,0.87,0.22,0.65,0.71,0.07,0.006327639,2.693321744,8.495537536,8.683362101,9.710778065,8.344039143,1.785680635,4.273512501,4.975671458,-3.387712876,-0.765276428,-3.159454224,-2.456154672,-3.062290476,-4.106835543,-2.632433914,-4.566367872,-2.585366403,-3.960232069,-2.876887252,-2.788594645,-5.105364373,-7.508932436,-0.134249787,0.202254798,0.113139706,-0.054828367,-0.013066636,0.122280486,-0.044963572,0.014766177,0.009024746,-0.015167003,-0.089500195,-0.001234387,0.062256925,0.039271126,0.00016974,-0.001869277,0.010918048,0.029931059,0.032434517,0.003667973,-0.00273892,-2.39E-16
    Ap27H06,E,ZERO,no,Kaapvaal,3099,62090,63700,187300,31930,151,593.7,3067,10.78,9.56,2.53,7.03,0.47,0.11,0.32,0.13,1.47,0.36,1.29,2.16,0.43,0.005976597,4.953506872,7.951012339,7.976611956,9.055139003,7.2859734,1.931951951,3.301046255,4.943127278,-0.70763532,-0.827740159,-2.157108583,-1.13514118,-3.84035047,-5.292602799,-4.224762169,-5.125548714,-2.700065485,-4.106979133,-2.830685667,-2.315219664,-3.929297956,-8.205231753,-0.172060074,0.057735445,0.026796337,0.351331903,-0.07376572,-0.000960807,0.182187634,-0.103190321,-0.041400775,0.034982108,-0.035237535,-0.007212197,0.015566724,-0.076465394,-0.032693818,0.00158312,-0.015262468,-0.013492893,0.011279821,-0.009176774,-0.003595257,-7.81E-16
    Ap27H07,E,ZERO,no,Kaapvaal,1490,70360,72170,189800,51990,67.33,401.5,1979,33.83,9.19,4.4,20.87,1.84,0.43,1.27,0.29,1.83,0.36,0.92,0.58,0.16,0.01,4.03355376,7.88840256,7.913802087,8.880748526,7.585829033,0.936628264,2.722229895,4.317369307,0.248370344,-1.054861702,-1.791373098,-0.234664918,-2.663212067,-4.116947709,-3.033960738,-4.510851995,-2.668661672,-4.294628886,-3.356359248,-3.817704814,-5.105559103,-7.878147825,-0.241581469,0.083626555,-0.210138623,-0.04195582,0.002421977,-0.00161809,0.193972936,0.008533036,-0.069700605,0.039965157,-0.014838644,-0.066372441,-0.026407004,-0.057928685,-0.040135398,-0.014569215,0.011297411,-0.020851971,-0.025051062,0.015050831,0.003855052,3.47E-17
    Ap27H08,E,ZERO,no,Kaapvaal,1299,77070,70430,190700,30630,44.09,629.7,1643,5.36,4.29,0.42,13.49,0.27,0.11,0.39,0.12,0.57,0.14,0.44,0.93,0.07,0.00699878,4.580427396,8.663546758,8.573451967,9.569534171,7.740812579,1.197310378,3.856320894,4.815356497,-0.909958646,-1.132635888,-3.456423189,0.013026049,-3.898255941,-4.796197534,-3.530531161,-4.709186157,-3.151041539,-4.555035477,-3.409903173,-2.661493314,-5.248182658,-7.550942011,-0.304362749,0.229416519,0.046682311,0.178497902,-0.110124192,0.046634903,0.102761948,0.060874421,-0.004407276,0.075193837,-0.005155058,-0.024660699,0.020560524,0.029320102,0.024954258,0.066199613,-0.042334699,0.040969531,0.019968035,-0.024380038,-0.000996131,-9.04E-16
    Ap27H09,E,ZERO,no,Kaapvaal,3124,62770,65620,192200,28540,40.33,592.2,1901,6.35,3.7,0.51,18.57,0.46,0.16,0.31,0.07,0.57,0.15,0.36,0.53,0.09,0.01,5.4069277,8.40729072,8.451693995,9.526349964,7.61912008,1.057153798,3.743902604,4.910193531,-0.791486998,-1.331608992,-3.313286365,0.281605564,-3.416470601,-4.472523275,-3.811124793,-5.299201848,-3.202060729,-4.537061796,-3.661593059,-3.274820084,-5.04788742,-7.245111997,-0.375797909,0.264791785,-0.010693967,0.167774333,-0.093873536,-0.029083947,0.151100969,-0.016759474,-0.002060212,0.09733028,-0.029871803,0.036540157,0.002951113,0.014450515,0.017904993,-0.020366784,0.008349835,-0.003736987,-0.009517413,-0.023628153,-0.00387245,4.34E-16
    Ap27H10,E,ZERO,no,Kaapvaal,248.3410208,61060,62570,188900,27420,62.41,687,2283,10.52,12.9,2.54,46.34,1.72,0.24,0.99,0.18,1.84,0.34,1.64,1.65,0.27,0.01,2.33177011,7.836579491,7.861008434,8.965940279,7.035995178,0.950692744,3.349301517,4.550212872,-0.829754568,-0.625805464,-2.250868694,0.652972744,-2.640708484,-4.610149131,-3.193083111,-4.897831203,-2.573267203,-4.261842436,-2.688336533,-2.682257487,-4.492366095,-7.788202961,-0.183207798,-0.029809844,-0.142525514,0.048169642,0.013064823,0.141229408,0.070912789,-0.103938669,-0.070303315,-0.031606233,-0.022895587,-0.030127377,0.030149903,0.015372509,0.029056505,0.011180018,0.015151784,-0.028177875,0.005867735,0.022006011,-0.014083395,3.03E-16
    Ap27H11,E,ZERO,no,Kaapvaal,274.9835693,57880,64830,187300,29570,74.69,734.9,2252,0.155308957,12.9,4.59,0.25,0.36,0.35,1.1,0.32,2.07,0.49,1.55,1.46,0.32,0.003106843,2.872884817,8.22230065,8.335697207,9.396640358,7.550689082,1.569519684,3.855907905,4.975747458,-4.606165409,-0.186599219,-1.219946507,-4.130120892,-3.765477778,-3.793648655,-2.648516351,-3.883260814,-2.016277924,-3.457176419,-2.3055716,-2.365390095,-3.883260814,-8.517974684,0.105890157,0.032438168,0.215738233,-0.012140003,0.03396631,0.101679181,0.047832445,0.042564213,0.003676264,-0.016510162,-0.032227316,0.030830119,0.014321814,-0.009036884,-0.033299604,-0.013561648,-0.033259441,-0.00626968,-0.024783841,0.01253676,-0.008779733,1.21E-16
    Ap27H13,E,ZERO,no,Kaapvaal,255.7414526,74880,70730,189500,32040,84.9,787.5,2412,6.04,14.91,2.7,11.97,1.12,0.5,1.94,0.42,1.77,0.9,1.97,1.63,0.25,0.007771197,2.274169917,7.953645045,7.896628024,8.882147237,7.104743335,1.171477027,3.398866304,4.518214491,-1.471593054,-0.567964938,-2.276745293,-0.787593547,-3.156668381,-3.963144247,-2.607309093,-4.137497634,-2.69901752,-3.375357582,-2.591963524,-2.781417052,-4.656291427,-8.127328088,-0.040668883,-0.035957186,-0.091345933,-0.033759908,0.013546791,0.135924951,0.075758422,0.043344283,-0.059888119,-0.024839452,-0.01094064,-0.006695129,0.003247765,0.002749181,-0.015501751,-0.031666122,0.003489503,0.083649158,-0.011852526,0.01009657,-0.015706338,2.01E-16
    Ap27H14,E,ZERO,no,Kaapvaal,128.0533519,70800,72710,191500,33150,78.69,839.2,2419,0.194377711,15.66,3.11,2,0.71,0.55,1.98,0.31,2.42,0.77,1.89,2.21,0.35,0.02,1.794380975,8.109548266,8.136168192,9.104577074,7.350731982,1.307450069,3.674383043,4.733043497,-4.696018061,-0.306956323,-1.923443288,-2.364918833,-3.400556323,-3.655903014,-2.374969169,-4.229248995,-2.174298474,-3.319430778,-2.421489185,-2.265073498,-4.107888138,-6.970089019,0.038757517,-0.049276251,0.06907794,-0.055126089,0.084312476,0.165217312,-0.040482136,0.032122755,0.05625225,-0.014864759,-0.031108424,0.06468825,-0.004937515,0.055738842,-0.047023966,-0.038035101,0.002490713,0.012183738,0.012353091,-0.006339472,0.009018248,2.43E-17
    Ap27H15,E,ZERO,no,Kaapvaal,686.3,70370,68080,190200,31830,78.78,784.6,2660,15.99,17.2,3.58,51.07,1.59,0.29,1.3,0.31,3.23,0.72,1.89,1.64,0.28,0.008114689,3.108866377,7.739073842,7.70599029,8.733382956,6.945716047,0.944210684,3.242725561,4.463632929,-0.650484946,-0.577539089,-2.147085673,0.510748767,-2.958714457,-4.660322829,-3.160084209,-4.593631455,-2.249966336,-3.75095254,-2.785871644,-2.927752231,-4.695414149,-8.236527892,-0.131648235,-0.069562071,-0.145375771,0.065445298,-0.006600475,0.077714782,0.143949608,-0.021455822,-0.08028478,-0.019616272,-0.049267975,-0.072936039,-0.008977607,-0.0168521,0.024310157,-0.030729537,0.025106897,-0.014114965,0.001963867,-0.004483126,0.002062898,3.63E-16
    Ap27H16,E,ZERO,no,Kaapvaal,267.8251238,67810,70000,188100,31630,80.74,742.5,2405,0.078266143,14.41,4.7,0.047622028,0.15,0.3,1.16,0.29,2.52,0.56,1.49,1.77,0.3,0.001327269,2.995669185,8.529799897,8.561585462,9.550063956,7.767196257,1.796569056,4.015357812,5.190640124,-5.142305228,0.073257351,-1.04710255,-5.639124905,-4.491785044,-3.798637863,-2.446245054,-3.832539415,-1.670406157,-3.174483554,-2.195888939,-2.023685512,-3.798637863,-9.219297016,0.207438936,0.060633994,0.365559469,0.027933306,0.007072362,0.124450882,0.049377873,0.111871944,-0.005130145,-0.004632246,-0.022741494,0.032213261,0.022726256,-0.028011136,-0.036987681,0.001999034,-0.003229262,-0.009654374,0.002187593,-0.011001631,0.009190368,-3.75E-16
    Ap27H17,E,ZERO,no,Kaapvaal,251.3089842,70930,63170,187300,27520,84.21,573.6,2796,0.36,12.99,5.94,0.61,0.62,0.3,1.81,0.33,2.38,0.44,1.38,1.62,0.37,0.003191322,2.636878778,8.279644337,8.163780367,9.250662472,7.332863875,1.543509262,3.462127873,5.046140687,-3.911455664,-0.325624586,-1.108095283,-3.384100739,-3.367840218,-4.093777221,-2.296477571,-3.998467041,-2.022703929,-3.710784969,-2.567720918,-2.407378267,-3.88405669,-8.637124555,0.082659518,0.039894635,0.134141468,-0.027176022,0.049367999,0.140861434,0.078521543,-0.000233169,-0.025271716,-0.044469267,-0.058421107,0.005484745,-0.017605195,0.006996297,-0.051253399,0.044522897,0.006458515,-0.020202992,-0.029038328,-0.004417434,0.001433868,-2.64E-16
    Ap27H18,E,ZERO,no,Kaapvaal,241.182865,65210,68010,192300,30530,73.56,743,2243,0.55,17.76,11.63,0.78,0.36,0.26,1.29,0.35,2.82,0.7,1.83,1.87,0.28,0.01,2.477896714,8.077709402,8.119751324,9.159153223,7.318806378,1.290442692,3.603037337,4.707910826,-3.605495709,-0.130709971,-0.554070742,-3.256120067,-4.029309956,-4.354732356,-2.75301649,-4.057480833,-1.970921823,-3.364333652,-2.403342741,-2.381720277,-4.280624384,-7.612828894,0.028884212,-0.066438765,0.134877609,0.050136659,0.049985171,0.118880007,0.016405734,0.083325731,0.029469434,-0.006331147,-0.017544987,-0.020919101,-0.019594473,-0.045256743,-0.024464208,0.005722997,0.004256534,0.005904727,0.00829798,-0.003612851,-0.002013209,-3.22E-16
    Ap27K06,E,ZERO,no,Kaapvaal,2415,59800,65140,190400,40690,36.16,505.7,1317,2.53,0.14,0.022311859,0.38,0.16,0.08,0.25,0.07,0.47,0.12,0.24,0.21,0.05,0.00180023,5.959930201,9.169236575,9.254769713,10.32735804,8.784213276,1.75842917,4.396419243,5.353587336,-0.901305063,-3.795637222,-5.632161324,-2.797108392,-3.662105829,-4.35525301,-3.215818726,-4.488784402,-2.58454695,-3.949787902,-3.256640721,-3.390172114,-4.825256639,-8.149365257,-0.159891062,0.576832806,0.136167594,0.098727448,-0.343996098,-0.053556789,0.087061267,0.034272536,0.139688849,-0.016598603,-0.014778243,-0.04586681,-0.035192344,0.010692741,-0.015684076,-0.045580316,0.007962753,0.006284875,-0.029398014,-0.008059876,-0.000836777,6.49E-16
