Sample,Mineral,Pipe,Diamond_High,Craton,Al,Si,Ca,Sc,V,Mn,Ba,Ce,Eu,Gd,Tb,Dy,Ho,Tm,Ta,Th,Al_clr,Si_clr,Ca_clr,Sc_clr,V_clr,Mn_clr,Ba_clr,Ce_clr,Eu_clr,Gd_clr,Tb_clr,Dy_clr,Ho_clr,Tm_clr,Ta_clr,Th_clr,V1,V2,V3,V4,V5,V6,V7,V8,V9,V10,V11,V12,V13,V14,V15,V16
    Ap24A03,G10,BEARTOOTH,yes,Slave,53520,187900,31380,174.5,186.4,2128,9.99,14.55,0.53,0.7,0.07,0.34,0.07,0.03,0.12,0.62,8.20508602,9.46094051,7.671201351,2.479200067,2.545170227,4.980213175,-0.381140082,-0.005133681,-3.317602948,-3.039399619,-5.341984712,-3.761534336,-5.341984712,-6.189282572,-4.802988211,-3.160760476,0.16870462,0.272879497,0.000604679,0.052999564,-0.017500241,-0.041959226,0.059175293,-0.045044306,0.007593975,0.020761657,-0.000161885,0.028884022,-0.005401605,0.004078117,-0.004740685,1.80E-16
    Ap24A04,G10,BEARTOOTH,yes,Slave,46940,191100,19420,106.7,221.5,1908,0.052400936,8.37,0.022976071,0.042714134,0.01,0.05,0.01,0.006408994,0.01,0.2,9.556997165,10.96092383,8.674430437,3.470392854,4.200794285,6.354182548,-4.148459124,0.92502558,-4.972930285,-4.352853708,-5.80479849,-4.195360578,-5.80479849,-6.249681311,-5.80479849,-2.809066217,-0.324714887,0.097834782,-0.060744506,0.121601049,-0.075096566,0.085512681,0.052748548,0.047979621,-0.023213218,-0.004912268,-0.021571025,0.021354031,-0.005941489,-0.017132011,-0.006856019,6.94E-18
    Ap24A05,G10,BEARTOOTH,yes,Slave,51980,188800,25410,160.5,211.5,2144,12.38,11.46,0.25,0.29,0.04,0.2,0.02,0.03,0.07,0.79,8.456001644,9.745830868,7.740285412,2.675681278,2.951612334,5.267815858,0.113469603,0.036250047,-3.788907026,-3.64048702,-5.621488489,-4.012050577,-6.31463567,-5.909170562,-5.061872701,-2.638334998,0.031957752,0.299640615,-0.001806162,0.04575851,0.016905747,-0.035596651,0.078188203,-0.024073133,-0.008526438,-0.041558441,-0.047489556,-0.003597123,0.015463679,0.023233288,-0.006571301,3.47E-17
    Ap24A06,G10,BEARTOOTH,yes,Slave,51400,195800,8044,139.7,132.9,1746,0.39,4.27,0.13,0.11,0.007332934,0.022921986,0.006322976,0.01,0.01,0.12,9.566368251,10.90382381,7.711656551,3.658472066,3.608571765,6.184057536,-2.22263374,0.170588627,-3.321246029,-3.488300113,-6.196404732,-5.056683924,-6.344590558,-5.886195386,-5.886195386,-3.401288736,-0.21881783,0.116817699,-0.105004654,0.016290107,0.0878241,-0.066660244,-0.003308812,-0.034093057,-0.009126862,0.018152465,-0.018473735,-0.06017963,0.020832357,0.006188949,-0.018424904,-1.70E-16
    Ap24A07,G10,BEARTOOTH,yes,Slave,54190,190300,28890,112.7,247.6,1757,0.42,0.57,0.05,0.08,0.01,0.09,0.03,0.02,0.03,0.03,9.485259564,10.74136495,8.856258689,3.309737317,4.096822436,6.056370984,-2.282492672,-1.977111023,-4.410724378,-3.940720749,-6.02016229,-3.822937713,-4.921550002,-5.32701511,-4.921550002,-4.921550002,-0.206589062,-0.024481573,0.156562285,-0.016191428,-0.10001559,0.045305617,0.046291816,-0.044779279,0.013384276,0.023061594,-0.054809324,-0.011661424,-0.029886375,-0.024099387,0.003640501,-5.12E-17
    Ap24A08,G10,BEARTOOTH,yes,Slave,46870,190900,17300,186.3,183.4,1955,0.036861108,0.99,0.14,0.36,0.05,0.22,0.04,0.02,0.007528522,0.13,9.141269071,10.54564099,8.144597761,3.613494258,3.59780554,5.964281453,-4.914462294,-1.623914356,-3.579976876,-2.635515267,-4.609596293,-3.127991753,-4.832739845,-5.525887025,-6.502920514,-3.654084848,-0.026120184,-0.09816237,-0.028432815,0.09100476,-0.056920944,0.031061307,0.006670266,-0.028693039,-0.067966657,-0.011096798,-0.023577154,-0.074424725,-0.01754061,0.034285553,-0.009524677,-3.64E-16
    Ap24A09,G10,BEARTOOTH,yes,Slave,46170,190500,23430,115.2,194.4,1811,0.076360887,1.92,0.22,0.45,0.06,0.33,0.05,0.01,0.04,0.14,8.894027501,10.31134946,8.215714517,2.900611734,3.423859877,5.655576443,-4.418342675,-1.193732829,-3.360185747,-2.644565711,-4.659468731,-2.954720639,-4.841790288,-6.451228201,-5.064933839,-3.812170871,0.050945454,0.01025933,-0.02966039,0.018375379,-0.137885729,0.020726642,0.020647457,0.021501689,-0.039039876,0.035085414,-0.013568192,0.00747474,-0.006040186,0.008614804,-0.009503732,-1.14E-16
    Ap24A10,G10,BEARTOOTH,yes,Slave,48690,189500,22140,143.2,174.8,1982,0.27,10.83,0.27,0.44,0.03,0.05,0.01,0.005784549,0.03,0.28,9.007392391,10.36630775,8.219304648,3.178405696,3.377805905,5.806025157,-3.095169878,0.596483503,-3.095169878,-2.60681711,-5.292394456,-4.781568832,-6.391006744,-6.938401457,-5.292394456,-3.058802234,-0.089877288,0.15972285,-0.174221793,-0.008237177,-0.045252469,-0.054892754,0.093677938,0.000127622,-0.028585399,0.004596437,0.045060087,0.003225272,0.003056885,-0.002432839,-0.008810706,1.87E-16
    Ap24A11,G10,BEARTOOTH,yes,Slave,75560,191900,10520,75.68,262,1800,952.2,20.6,0.15,0.37,0.04,0.2,0.05,0.03,37.74,14.02,7.983798491,8.915845851,6.012149656,1.077630094,2.319460673,4.246658113,3.609891266,-0.223592755,-5.146003816,-4.243136104,-6.467759655,-4.858321743,-6.244616104,-6.755441728,0.381836709,-0.608398949,0.216248687,0.817070477,0.207844424,-0.080096456,-0.082538325,-0.156036597,-0.166970146,0.115959746,-0.034678166,0.040940399,-0.010073149,0.001514687,0.042811605,0.027446784,0.021166658,6.94E-17
    Ap24A12,G10,BEARTOOTH,yes,Slave,59590,194100,14090,73.72,111.1,1990,1.37,1.11,0.06,0.11,0.007782204,0.023386396,0.02,0.03,0.03,0.015354197,9.681702393,10.86258811,8.239679945,2.986733472,3.396890036,6.282349257,-0.99872992,-1.209180645,-4.126951377,-3.520815574,-6.169456387,-5.06914145,-5.225563666,-4.820098558,-4.820098558,-5.489907079,-0.185330797,0.034690327,0.15990526,-0.038007801,0.056232171,-0.062614696,0.001807977,-0.036837732,0.027827664,0.029882301,0.032683569,0.033143025,-0.013315993,-0.004701323,-0.011382337,1.25E-16
    Ap24A13,G10,BEARTOOTH,yes,Slave,61390,195900,12580,77.39,132,1979,0.018261101,1.71,0.023598598,0.07,0.006043218,0.019009273,0.01,0.03,0.003716666,0.013680199,10.24188936,11.40224672,8.656750651,3.565744694,4.099689043,6.807234066,-4.786094981,-0.246619509,-4.529680876,-3.442372916,-5.891931439,-4.745941257,-5.388283065,-4.289670777,-6.378041009,-5.074918705,-0.355111765,-0.132425334,0.0668582,0.096141796,0.050165366,-0.038250866,0.024337671,0.023714952,-0.001308217,-0.015040391,0.017051602,0.016931259,-0.019136009,-0.012454025,-0.001005916,1.21E-16
    Ap24A14,G10,BEARTOOTH,yes,Slave,74900,195800,19320,92.34,146.1,2385,1.12,1.68,0.23,0.33,0.04,0.12,0.04,0.07,0.02,0.015822843,9.389999016,10.35093886,8.034985954,2.691567263,3.150381165,5.94304425,-1.720581468,-1.31511636,-3.303586124,-2.942572778,-5.052785978,-3.95417369,-5.052785978,-4.493170191,-5.745933159,-5.980210777,0.005999973,-0.047364188,0.125510126,0.004716152,0.072960486,-0.067712485,0.030309576,-0.024909047,0.038028468,-0.016196518,0.010750102,0.043158118,0.029517108,0.002767478,0.013332852,2.88E-16
    Ap24A15,G10,BEARTOOTH,yes,Slave,67220,196200,18550,74.56,171,1936,2.59,5.58,0.13,0.27,0.02,0.06,0.02,0.02,0.03,0.21,9.249657657,10.32082138,7.962156623,2.445535726,3.275595112,5.702310823,-0.914410569,-0.146879668,-3.906289273,-3.175401765,-5.77809145,-4.679479161,-5.77809145,-5.77809145,-5.372626342,-3.426716193,-0.06159538,0.180447393,0.031323149,0.012172338,0.04771991,-0.035455243,0.071432153,0.051451048,0.004315521,0.021164871,0.021001109,0.004973667,-0.003234417,0.004730384,0.006536192,1.35E-16
    Ap24A16,G10,BEARTOOTH,yes,Slave,70050,195600,21800,95.37,163.2,2105,2.94,4.29,0.020662221,0.035165648,0.007270555,0.03,0.02,0.03,0.03,0.47,9.542452771,10.56931526,8.375153468,2.943252283,3.480464662,6.037558965,-0.5361022,-0.158225048,-5.493960122,-4.962197353,-6.538434496,-5.121069678,-5.526534786,-5.121069678,-5.121069678,-2.369534365,-0.271088356,0.233621737,0.156646648,0.105481534,0.032123607,0.04089414,0.054006908,0.001944982,-0.044760864,0.0297209,-0.008949265,0.005224637,-0.017044255,0.020524179,0.011004198,-1.11E-16
    Ap24A17,G10,BEARTOOTH,yes,Slave,57720,194300,27850,94.09,196.5,1722,2.25,0.35,0.58,1.67,0.18,0.58,0.08,0.01,0.06,0.015029732,8.839677372,10.05347699,8.110906605,2.420570131,3.156980791,5.327560045,-1.312751424,-3.173503765,-2.668408816,-1.610858014,-3.838480069,-2.668408816,-4.649410285,-6.728851826,-4.937092357,-6.321406566,0.241755712,-0.069857164,0.050148466,-0.183405279,-0.100576837,0.039029931,0.028719527,-0.0095707,0.006698355,-0.0024947,0.0197541,0.01137053,-0.003910302,-0.014443657,0.006350592,5.55E-17
    Ap24A18,G10,BEARTOOTH,yes,Slave,64940,196500,16770,89.41,159.9,2082,0.0363135,2.75,0.08,0.12,0.01,0.04,0.01,0.04,0.01,0.01606438,9.901751612,11.00895028,8.547879421,3.313765099,3.895081186,6.461616815,-4.495033143,-0.167866522,-3.705196078,-3.29973097,-5.78463762,-4.398343259,-5.78463762,-4.398343259,-5.78463762,-5.310618319,-0.2555283,-0.086357681,0.041616003,0.058620084,0.027055101,-0.099910006,0.0496761,0.009586849,0.020542816,-0.023586282,-0.01752374,0.04066537,0.015256777,-0.017569043,0.005943962,2.86E-16
    Ap24A19,G10,BEARTOOTH,yes,Slave,51730,190400,31280,265.2,175,2398,0.67,4.55,1.01,1.52,0.1,0.21,0.04,0.01,0.08,0.15,8.521152339,9.824241578,8.018093371,3.247843435,2.83214515,5.449749512,-2.73311839,-0.817513591,-2.322690493,-1.913930489,-4.635225917,-3.893288572,-5.551516648,-6.93781101,-4.858369468,-4.229760808,0.126013387,0.089881261,-0.131845828,-0.056760786,-0.089187623,-0.065646625,0.050254107,-0.094349111,-0.024012801,0.011719994,0.043685281,0.005743412,-0.008142431,0.008178124,-0.001798116,3.30E-17
    Ap24A20,G10,BEARTOOTH,yes,Slave,60240,191500,26110,129.7,237.2,1911,38.24,9.98,0.12,0.1,0.02,0.09,0.02,0.01,0.11,0.48,8.820371302,9.976922527,7.984353101,2.679503531,3.283183106,5.369661384,1.458161528,0.11486253,-4.305984097,-4.488305654,-6.097743566,-4.593666169,-6.097743566,-6.790890747,-4.392995474,-2.919689736,-0.078874504,0.357943443,0.025471797,-0.024437174,-0.015540696,0.04503654,0.061666361,-0.025414119,0.015838083,0.014835197,-0.025670065,0.017675703,0.019314121,-0.019443263,0.007823693,9.02E-17
    Ap24A21,G10,BEARTOOTH,yes,Slave,68020,193400,27800,80.49,223.3,1920,9.95,1.92,0.26,1,0.21,1.68,0.38,0.16,0.02,0.08,8.489266634,9.534225438,7.594500875,1.749842529,2.770225734,4.921790041,-0.340717873,-1.985965238,-3.985364072,-2.638290424,-4.198938173,-2.119496631,-3.605874451,-4.470871888,-6.55031343,-5.164019069,0.325700064,0.000455179,0.232480323,0.115075028,0.050667195,0.066108663,0.031433234,0.040920393,0.046244796,-0.020975062,-0.01731247,0.011961652,-0.008332777,-0.000980117,0.012137804,6.07E-17
    Ap24A22,G10,BEARTOOTH,yes,Slave,51330,190700,18090,150.1,203.9,2049,3.24,8.69,0.02300217,0.035234256,0.01,0.02085279,0.006782081,0.00533422,0.02,0.31,9.396295898,10.70872203,8.353379821,3.561566981,3.86789492,6.175372391,-0.274161427,0.712438182,-5.221901485,-4.795471244,-6.054904943,-5.320002269,-6.443206049,-6.683347309,-5.361757763,-2.620917739,-0.327212813,0.264695613,-0.039811021,0.033284494,-0.000792022,0.097458191,0.047480995,-0.026502405,-0.02517332,-0.034226327,0.013753384,-0.008640035,0.004589011,-0.012410795,-0.00335585,-9.71E-17
    Ap22A14,G10,KOALA,yes,Slave,61460,190300,10370,249.4,131.8,1315,178.5,20.02,0.37,0.89,0.11,0.6,0.12,0.05,0.55,1.24,7.972090641,9.102305859,6.192621107,2.465006839,1.827234428,4.12754075,2.130537407,-0.05731942,-4.048303468,-3.17058501,-5.261326107,-3.564876818,-5.17431473,-6.049783468,-3.651888195,-2.838939815,0.33258896,0.461254887,0.063559702,0.06314202,0.067659564,-0.06976064,-0.144082461,-0.065518191,-0.030915099,-0.01449684,-0.009843326,-0.007446799,-0.005161058,-0.03300425,0.000388238,7.63E-17
    Ap22A15,G10,KOALA,yes,Slave,80640,196100,11230,70.23,125.4,1398,0.23,2.36,0.021878486,0.042694477,0.006030464,0.03,0.01,0.03,0.01,0.06,10.21013718,11.09876711,8.238731147,3.16416267,3.743895728,6.155185022,-2.557288871,-0.228951282,-4.909864404,-4.241298622,-6.198544296,-4.594170798,-5.692783087,-4.594170798,-5.692783087,-3.901023617,-0.294397707,0.051498251,0.111009074,0.082833537,0.080908836,-0.01641696,0.00584056,0.042105748,-0.042223131,0.001228832,-0.03671824,0.014137201,-0.002054717,-0.026522946,0.02159213,1.80E-16
    Ap22A16,G10,KOALA,yes,Slave,47380,194200,12700,74.06,149,1447,0.22,7.31,0.019439942,0.032849806,0.004780883,0.015219025,0.004344702,0.005098495,0.01,0.24,9.777288393,11.18797675,8.460690188,3.316208491,4.015279221,6.288580642,-2.502794817,1.000576189,-4.929092563,-4.404476523,-6.331797004,-5.173876068,-6.427465293,-6.267476896,-5.593837271,-2.41578344,-0.370401211,0.18759888,-0.055867625,0.063472475,0.008936081,0.039649535,0.061931848,0.058572248,-0.041216349,0.010263272,-0.005618303,0.003407546,-0.003081553,-0.018811498,-0.01864512,-5.55E-17
    Ap22A17,G10,KOALA,yes,Slave,51200,192500,16660,90.58,149.1,1488,2.42,1.32,0.11,0.21,0.02,0.06,0.01,0.01,0.03,0.04,9.325968571,10.65032519,8.203239676,2.988707199,3.487090982,5.787661976,-0.633758699,-1.239894503,-3.724801153,-3.078173988,-5.429549245,-4.330936956,-6.122696426,-6.122696426,-5.024084137,-4.736402064,-0.094485213,0.092382602,0.02090573,-0.102212855,0.003610575,-0.011909254,0.04903637,-0.013102266,-0.010935097,-0.030254396,-0.008013216,0.00101364,-0.00115759,-0.019022765,-0.011898869,1.16E-16
    Ap22A18,G10,KOALA,yes,Slave,56630,193500,19630,112.4,164.1,1556,0.25,0.78,0.95,2.72,0.32,1.32,0.18,0.05,0.05,0.015926278,8.645463696,9.874202329,7.585983824,2.423233475,2.801645535,5.051043242,-3.685124824,-2.547291822,-2.350123757,-1.298198583,-3.438264746,-2.021198726,-4.013628891,-5.294562736,-5.294562736,-6.438615278,0.353330293,-0.141613153,0.072618868,-0.024196851,-0.061561614,-0.056153362,-0.03567785,-0.004854839,0.001637954,-0.01420599,0.006082555,0.022029194,0.020311981,-0.022986477,0.000726171,1.53E-16
    Ap22A19,G10,KOALA,yes,Slave,50900,193500,22950,85.17,208,1394,2.72,0.42,0.52,1.4,0.14,0.53,0.07,0.01,0.03,0.015515468,8.815641693,10.15105628,8.019096706,2.422672749,3.31556157,5.217956082,-1.021344629,-2.889477077,-2.675902977,-1.685504273,-3.988089366,-2.656854782,-4.681236547,-6.627146696,-5.528534407,-6.187894326,0.231548042,-0.068458459,0.036548309,-0.155228871,-0.064730664,0.053025105,0.039409119,0.00376242,0.025883203,-0.005983755,0.004763807,-0.015455682,-0.001716113,-0.032878448,-0.005264781,9.71E-17
    Ap22A20,G10,KOALA,yes,Slave,60380,198500,9923,56.38,78.05,1696,1.35,0.29,0.018216443,0.033277434,0.004425976,0.011701217,0.006888124,0.02,0.01,0.007453687,10.2817594,11.47189057,8.475956768,3.30546068,3.630695841,6.70937401,-0.426549213,-1.964528162,-4.732084435,-4.129529588,-6.146918263,-5.174716245,-5.704610323,-4.638676811,-5.331823992,-5.625700237,-0.32647589,-0.02577024,0.192527022,-0.08308176,0.105354009,-0.00136118,-0.001031288,-0.035751446,-0.026010712,-0.008387069,0.002068669,0.021388344,-0.006578623,0.011754497,-0.016272807,-7.63E-17
    Ap22A21,G10,KOALA,yes,Slave,49930,193000,14280,145.6,144.9,1595,0.085154061,6.07,0.25,0.53,0.07,0.29,0.05,0.007481288,0.04,0.27,8.88778726,10.23985542,7.636025193,3.050273093,3.045453806,5.444038972,-4.393883229,-0.127231438,-3.316884404,-2.565468316,-4.58985008,-3.168464399,-4.926322317,-6.825940334,-5.149465868,-3.239923363,0.089251851,0.091749132,-0.114698647,0.061643401,-0.082926744,0.00511769,-0.043271872,0.018926523,-0.059365532,0.043684705,0.011717033,0.011366427,-0.001442649,-0.008411122,-0.007371376,-5.55E-17
    Ap22A22,G10,KOALA,yes,Slave,55060,192100,13220,102.3,127.9,1546,1.28,8.17,0.29,0.37,0.03,0.1,0.01,0.01,0.06,0.21,9.033948692,10.28354126,7.607256027,2.745679587,2.969018622,5.461196143,-1.635370008,0.218238823,-3.120104442,-2.87648236,-5.388787984,-4.184815179,-6.487400272,-6.487400272,-4.695640803,-3.442877835,0.006912675,0.219471047,-0.09604395,-0.036311894,0.01908196,-0.088388564,0.023416545,0.021891089,-0.030333289,-0.00554906,-0.014096658,0.027902989,0.024922093,-0.006419484,-0.007814611,1.77E-16
    Ap22B04,G10,KOALA,yes,Slave,72500,196700,12250,61.94,90.26,1718,0.007236481,0.02,0.019052288,0.038453124,0.006389956,0.018640193,0.02,0.04,0.001572174,0.000392562,11.04460212,12.04269528,9.266541492,3.979426451,4.355954671,7.302176379,-5.075359975,-4.058762729,-4.107307805,-3.405055058,-5.199767636,-4.129174825,-4.058762729,-3.365615549,-6.602035557,-7.989554526,-0.368758152,-0.491627673,0.268333546,-0.05433618,0.029003947,0.025434643,-0.014982533,-0.068242842,-0.033252184,0.017459731,-0.001732934,-0.007591307,-0.006981447,-0.000770613,0.009545296,-9.71E-17
    Ap22B05,G10,KOALA,yes,Slave,65230,198300,8657,59.04,117.7,1300,0.070683389,3.53,0.03,0.045666794,0.005481633,0.019825669,0.01,0.02,0.01,0.1,10.09614094,11.20800249,8.076589694,3.088681353,3.778605187,6.180585716,-3.639078509,0.271764044,-4.496091725,-4.075917675,-6.195886145,-4.910311584,-5.594704013,-4.901556833,-5.594704013,-3.29211892,-0.287768516,0.070820907,0.050963675,0.102778418,0.06508704,-0.044199853,-0.002721728,0.070151378,-0.042548824,0.046034323,-0.010075616,-0.000103082,0.018323515,-0.021431766,-0.000559308,6.25E-17
    Ap22B06,G10,KOALA,yes,Slave,51610,196200,10510,101.5,117.9,1454,5.09,4.78,0.21,0.56,0.09,0.41,0.07,0.01,0.05,0.23,8.664453092,9.999872187,7.073064825,2.433041159,2.582819169,5.095056019,-0.559739808,-0.622577093,-3.747665387,-2.766836134,-4.594963248,-3.078615758,-4.846277676,-6.792187825,-5.182749913,-3.656693609,0.211961162,0.199819168,-0.016696496,0.010237031,0.021177556,0.050443251,-0.072508104,0.028307398,-0.028872291,0.021838933,0.010990377,0.01526066,-0.003097257,-0.005931005,-0.016102115,-6.25E-17
    Ap22B07,G10,KOALA,yes,Slave,59170,194200,10420,257.2,118.3,1568,0.28,4.64,0.43,0.77,0.07,0.31,0.04,0.02,0.01,0.09,9.033239544,10.22171344,7.296551924,3.594923601,2.81829338,5.402625809,-3.227896067,-0.420216025,-2.798900462,-2.216295156,-4.614190428,-3.126113373,-5.173806216,-5.866953397,-6.560100577,-4.362876,0.115366363,0.000698205,-0.124140689,0.075124408,0.066703952,-0.033241216,-0.056511469,-0.070099209,-0.0379616,-0.016906467,-0.017017591,-0.03214009,-0.006670984,-0.017719779,0.000862682,-5.20E-17
    Ap22B08,G10,KOALA,yes,Slave,66060,195400,11580,85.6,148.9,1535,1.52,6.41,0.1,0.27,0.02,0.07,0.02,0.01,0.02,0.27,9.361929825,10.44641514,7.620645877,2.713296409,3.266886066,5.599896786,-1.317678539,0.121470397,-4.038973967,-3.045722194,-5.648411879,-4.395648911,-5.648411879,-6.34155906,-5.648411879,-3.045722194,-0.049379001,0.187854463,-0.038225842,0.028026863,0.056971209,0.0038607,0.008228062,0.060958476,-0.020241526,0.029937208,0.017764447,-0.01864403,-0.017757421,-0.012407187,0.007132634,6.94E-18
    Ap22B09,G10,KOALA,yes,Slave,58020,196700,7708,79.26,116.8,1332,17.53,2.96,0.04,0.18,0.008300037,0.03,0.01,0.01,0.02,0.09,9.492124801,10.71301675,7.473595773,2.896315332,3.284044814,5.718018595,1.387495443,-0.391228988,-4.695294081,-3.191216684,-6.267913588,-4.982976154,-6.081588442,-6.081588442,-5.388441262,-3.884363865,-0.12503681,0.23045792,0.036411477,-0.051208427,0.131771983,0.003591363,-0.027658749,0.022934577,0.003412123,-0.016568404,0.017320714,-0.036409602,-0.053481499,-0.025320923,-0.012598581,1.73E-17
    Ap24F07,G10,KOALA,yes,Slave,58890,196800,11710,76.7,148.7,2029,0.012816803,0.47,0.017425291,0.033801774,0.004151024,0.013103848,0.006763452,0.02,0.003977955,0.006421061,10.5054922,11.71200888,8.890264076,3.861967328,4.523996473,7.137363959,-4.834932615,-1.232956965,-4.527766983,-3.865176362,-5.962334501,-4.812783741,-5.474156266,-4.389957386,-6.004921799,-5.526106294,-0.445834598,-0.191433183,0.097178233,0.023911507,0.008569946,-0.013388334,0.007924634,3.27E-06,-0.006644187,-0.012716818,-0.007630397,-0.008361603,0.002400898,-0.002838693,-0.001869781,3.12E-17
    Ap27M13,G10,KOALA,yes,Slave,52600,192600,18170,146.8,182.1,2399,0.05980025,6.84,0.1,0.25,0.02,0.07,0.02,0.007333911,0.02,0.13,9.31489825,10.61279763,8.251954012,3.433497967,3.648982838,6.227234114,-4.372318587,0.367214583,-3.858158242,-2.94186751,-5.467596154,-4.214833186,-5.467596154,-6.470819426,-5.467596154,-3.595793978,-0.154609541,0.058071122,-0.105893864,0.057426884,-0.066299066,-0.001082067,0.012120754,0.007000796,-0.011359001,0.022797303,0.031728195,0.013598249,-0.027839515,0.001859412,-0.001724163,8.33E-17
    Ap27M14,G10,KOALA,yes,Slave,63750,193900,19360,258.9,181.4,2578,4.61,13.08,0.31,0.053765142,0.006526451,0.020394914,0.006627929,0.01,0.06,0.38,9.225304968,10.33767835,8.033544866,3.719022392,3.363285043,6.017349689,-0.309191638,0.733664851,-3.008602476,-4.760549432,-6.869311518,-5.729889219,-6.85388246,-6.442589681,-4.650830211,-2.805003521,-0.256858956,0.301125491,-0.104113425,-0.018282405,0.037598594,-0.080738257,0.059887408,-0.135153832,0.010322608,0.054949954,-0.038916318,-0.012680079,0.061613333,0.010815998,0.00566153,-5.55E-17
    Ap27M15,G10,KOALA,yes,Slave,64450,195800,20020,116.4,160.2,2101,13.14,3.88,0.025492328,0.052104575,0.09,0.11,0.02,0.006373311,0.03,0.25,9.231239427,10.34244343,8.062081471,2.914626954,3.234017453,5.807763119,0.733255431,-0.486570428,-5.51178331,-4.796908112,-4.25035119,-4.049680495,-5.754428587,-6.898041738,-5.348963479,-3.228699943,-0.092126044,0.233873494,0.041247925,0.002946968,-0.008050498,0.203403883,0.004883562,0.003725626,-0.086358878,-0.078686745,0.030393948,0.049544603,0.050770741,0.00793417,0.014741485,-5.55E-17
    Ap27M16,G10,KOALA,yes,Slave,53920,193400,23260,96.81,214.2,1778,40.04,2.98,0.25,0.84,0.12,0.39,0.07,0.007735235,0.18,0.34,8.370905948,9.648165064,7.530139628,2.048399497,2.84255936,4.958893618,1.165528157,-1.432427497,-3.910645159,-2.698704185,-4.644614334,-3.465959338,-5.183610835,-7.386320239,-4.239149226,-3.603160459,0.219631402,0.276157792,0.036586867,-0.099089846,-0.067645568,0.071271103,0.009248663,0.032514438,-0.008243883,0.006825132,0.030302326,0.002359845,-0.011657597,0.000474224,-0.001623764,-9.71E-17
    Ap24C22,G10,PANDA,yes,Slave,49030,195300,16080,146.1,265.9,2152,8.44,11.26,0.14,0.27,0.04,0.1,0.01,0.01,0.05,0.29,8.723765093,10.10586958,7.608909001,2.907868777,3.506697756,5.59773038,0.056559767,0.344834081,-4.042535398,-3.385755862,-5.295298367,-4.379007635,-6.681592728,-6.681592728,-5.072154815,-3.314296898,-0.050238838,0.276148251,-0.078430136,-0.020460624,0.007426948,0.002741349,0.028160918,0.014622016,0.019793781,-0.083984935,-0.003406361,-0.022095703,0.028828115,-0.00505331,-0.008842913,-1.39E-17
    Ap24D03,G10,PANDA,yes,Slave,52110,192200,28310,173.2,340.5,2536,29.9,10.93,0.07,0.13,0.01,0.03,0.02,0.01,0.21,0.58,8.707538869,10.0127185,8.0973971,3.000873718,3.676841847,5.684770037,1.244285202,0.237938024,-4.812833316,-4.193794107,-6.758743465,-5.660131176,-6.065596284,-6.758743465,-3.714221027,-2.698300454,-0.189513696,0.39163669,0.041651008,-0.026581342,-0.065018598,0.00528493,0.044970471,-0.044069925,0.047982445,0.017790144,0.035223443,-0.030877765,-0.027786964,-0.0139825,-0.001399018,5.55E-17
    Ap24D04,G10,PANDA,yes,Slave,57400,193700,15850,387.5,169.7,2365,30.55,10.09,0.48,0.7,0.08,0.29,0.04,0.02,0.18,0.26,8.310989393,9.52725566,7.02411459,3.31290566,2.487221983,5.121723112,0.772554496,-0.335265355,-3.380779364,-3.003485133,-5.172538834,-3.884684545,-5.865686014,-6.558833195,-4.361608617,-3.993883837,0.148182793,0.290501887,-0.0552731,-0.023138215,0.020967596,-0.04898065,-0.076095377,-0.132219521,-0.000617262,-0.04982596,-0.00395529,-0.007395739,0.001804785,-0.002680526,0.000729249,1.39E-16
    Ap24D05,G10,PANDA,yes,Slave,62590,196100,17120,92.56,238,1969,0.79,3.43,0.04,0.045875601,0.01,0.03,0.04,0.03,0.01,0.1,9.574649834,10.71666905,8.278291684,3.058146117,4.002559708,6.115570113,-1.705433299,-0.237150705,-4.688586791,-4.551532829,-6.074881152,-4.976268863,-4.688586791,-4.976268863,-6.074881152,-3.772296059,-0.236158136,0.071535117,0.127240459,0.121755554,0.036684096,0.056237686,0.033794949,0.002422706,0.038458421,0.053599943,0.019590952,-0.034810684,0.024617432,-0.021928437,0.004723792,-7.63E-17
    Ap24D06,G10,PANDA,yes,Slave,52740,192500,28190,241,223.3,2206,0.94,4.86,0.85,1.76,0.13,0.56,0.05,0.01,0.02,0.1,8.53773191,9.832453883,7.911325034,3.149399383,3.073118609,5.36353865,-2.397272954,-0.754359112,-2.49791648,-1.770083741,-4.375618379,-2.915216045,-5.331129824,-6.940567736,-6.247420555,-4.637982643,0.172827991,0.023073138,-0.150442422,-0.018023566,-0.044392811,0.017751219,0.056037422,-0.054317579,0.01575605,-0.023045786,0.001976416,-0.0119017,-0.022668765,-0.00972275,0.0027485,6.68E-17
    Ap24D07,G10,PANDA,yes,Slave,61760,198400,13240,70.59,189.2,1868,4.26,5.28,0.04,0.14,0.01,0.04,0.01,0.02,0.02,0.12,9.449320742,10.61635003,7.909307387,2.675198048,3.661114214,5.950933176,-0.132421283,0.082235655,-4.800566268,-3.547803299,-6.186860629,-4.800566268,-6.186860629,-5.493713448,-5.493713448,-3.701953979,-0.179934002,0.194195231,0.060166028,0.016912822,0.08126933,-0.010932616,0.037546791,0.066188473,0.02744032,-0.038361416,-0.000407692,-0.008380293,-0.022349092,-0.009201311,-0.001230023,1.14E-16
    Ap24D08,G10,PANDA,yes,Slave,63320,193700,22950,192.1,222,2395,2.94,5.12,0.41,1.16,0.12,0.5,0.07,0.02,0.06,0.15,8.581825952,9.699935288,7.566942654,2.783885508,2.92854682,5.307007948,-1.39572098,-0.840976123,-3.365728681,-2.325710556,-4.594394098,-3.167277742,-5.133390599,-6.386153567,-5.287541278,-4.371250547,0.172524279,0.116526635,-0.027873135,0.001917115,-0.030146986,0.002653647,-0.007474037,-0.023885408,0.010022756,-0.026713362,0.011012158,0.00201652,-0.013904736,0.000688842,0.014702955,7.46E-17
    Ap24D09,G10,PANDA,yes,Slave,70350,198900,12160,94.21,232.7,2134,3.02,4.97,0.06,0.08,0.01,0.03,0.02,0.04,0.04,0.22,9.422323103,10.46164251,7.666992196,2.806611373,3.71083511,5.926838472,-0.633658128,-0.13549512,-4.552325677,-4.264643604,-6.344085146,-5.245472857,-5.650937965,-4.957790785,-4.957790785,-3.253042692,-0.188318116,0.212164775,0.116503153,0.065282366,0.066570035,-0.047310181,-0.008432022,0.025671642,0.026555189,0.015428975,0.001282643,-0.04624678,0.034930141,0.002915416,0.010318363,-3.47E-17
    Ap24D10,G10,PANDA,yes,Slave,49930,190400,32850,172.3,271.3,2295,0.053934225,5.05,0.27,0.94,0.13,0.82,0.13,0.04,0.01,0.38,8.560653299,9.899158397,8.141983019,2.891513139,3.345501215,5.480764118,-5.177714031,-0.638335761,-3.567057325,-2.319599408,-4.297944833,-2.456174943,-4.297944833,-5.47659983,-6.862894191,-3.225308031,0.131624266,-0.046521293,-0.025960748,0.193575806,-0.081702261,0.042826075,0.066745457,0.026690686,-0.023474713,-0.004274329,-0.011071689,-0.030251366,-0.027666502,0.023096566,0.000768123,-9.02E-17
    Ap24D11,G10,PANDA,yes,Slave,64950,196700,21110,113.9,176.6,2429,0.033975698,2.3,0.22,0.34,0.02,0.09,0.01,0.02,0.01,0.015017961,9.697012097,10.80507408,8.573141215,3.350959945,3.789526363,6.410874004,-4.766470695,-0.551451802,-2.898488658,-2.463170587,-5.296383931,-3.792306534,-5.989531111,-5.296383931,-5.989531111,-5.582869343,-0.156100322,-0.124289267,-0.060378912,-0.012182353,-0.010565729,-0.087962284,0.072124761,-0.000971032,0.021326434,-0.031190543,-0.023899477,0.037688797,0.003120129,-0.002011944,0.011264271,2.60E-16
    Ap24D12,G10,PANDA,yes,Slave,52600,194200,15930,175.2,263.9,2381,5.9,13.16,0.14,0.38,0.04,0.18,0.03,0.01,0.07,0.42,8.615088689,9.921261125,7.420576693,2.910545469,3.320187534,5.519893137,-0.480430359,0.321799216,-4.221495566,-3.222966736,-5.474258535,-3.970181138,-5.761940607,-6.860552896,-4.914642747,-3.122883278,0.011753123,0.276241912,-0.061952244,0.025404387,-0.02189325,0.027405688,-0.028710144,0.007842878,0.027728069,-0.026316126,0.006063018,-0.020629475,-0.013925507,-0.002126231,-0.001362484,7.63E-17
    Ap24D13,G10,PANDA,yes,Slave,53150,194100,25000,141.3,230.7,2253,6.1,6.9,0.39,0.89,0.13,0.7,0.12,0.04,0.05,0.11,8.315980874,9.611236259,7.561738594,2.38599278,2.876225655,5.155125431,-0.756603739,-0.633371098,-3.50650105,-2.681426326,-4.605113338,-2.921567454,-4.685156046,-5.783768335,-5.560624783,-4.772167423,0.219803676,0.11687495,0.048857543,0.055181232,-0.005573363,0.015509689,0.011584655,-0.011138202,0.056776983,-0.025507906,0.00284491,0.027871513,0.00282151,-0.012082082,-0.005265043,9.76E-19
    Ap24D14,G10,PANDA,yes,Slave,56450,196600,22350,102.4,155.3,2738,123.9,1.91,0.018583564,0.028613347,0.007369825,0.021531058,0.03,0.02,0.13,0.21,9.135298336,10.38311425,8.208769366,2.823074479,3.239546496,6.109170772,3.013662555,-1.158708992,-5.791289978,-5.359694212,-6.716173615,-5.644071044,-5.312370131,-5.717835239,-3.846033062,-3.366459982,-0.230089602,0.335708842,0.252637831,-0.02882288,0.017691472,0.082445912,0.00444717,-0.075097066,0.003536299,0.033435691,0.031454425,0.018164831,-0.018839956,0.035326189,-0.013333957,-2.39E-16
    Ap27A03,G10,PANDA,yes,Slave,56640,193800,23530,187.7,204.7,2355,58.14,13.63,0.38,0.56,0.09,0.42,0.07,0.02,0.54,0.88,8.066799071,9.296910321,7.188359824,2.357173286,2.443873835,4.886624349,1.185182238,-0.265398412,-3.845255684,-3.457490153,-5.285617266,-3.745172225,-5.536931694,-6.789694663,-3.493857797,-3.005505029,0.198797465,0.40107459,0.029990384,-0.012648003,-0.045608616,-0.020651406,-0.031373378,-0.040308683,0.000469712,0.00191039,-0.002146065,0.032718887,0.011156501,0.01181475,-0.000531919,-4.16E-17
    Ap27A04,G10,PANDA,yes,Slave,56860,190400,33030,182.4,241.2,2670,56.74,17.34,0.59,1.27,0.11,0.44,0.11,0.008231854,0.38,1.2,7.956196988,9.164732004,7.413021121,2.214051681,2.493476068,4.897683355,1.046329032,-0.139134426,-3.519783139,-2.753133496,-5.19942531,-3.813130949,-5.19942531,-7.791894357,-3.959734423,-2.80982884,0.242237629,0.389503325,-0.046133774,-0.039286158,-0.080594429,0.027569352,0.018110276,-0.02171165,0.022628489,0.049653749,0.046935501,0.024077625,-0.028210418,0.012809861,0.005493213,1.11E-16
    Ap27A05,G10,PANDA,yes,Slave,51390,191800,18010,250,182.1,2410,5.66,7.17,0.25,0.055595735,0.06,0.15,0.05,0.006399504,0.006687682,0.13,8.91311335,10.23012291,7.864596909,3.587375388,3.270470457,5.853296497,-0.200661637,0.035820125,-3.320379891,-4.823734323,-4.747496246,-3.831205515,-4.929817803,-6.985620371,-6.941573493,-3.974306358,-0.032532102,0.113621925,-0.098146878,0.06508305,0.045250988,0.180434099,0.01367635,-0.129264569,0.024332935,0.034190542,-0.008895886,-0.00173309,0.091696542,-0.004786696,-0.006452608,-3.23E-16
    Ap27A06,G10,PANDA,yes,Slave,65900,196400,19120,80.04,142.1,2626,0.029645805,0.26,0.07,0.11,0.007658709,0.022716622,0.02,0.04,0.01,0.003892629,10.17831783,11.27033278,8.940914294,3.464950617,4.038955142,6.955641162,-4.436010542,-2.264649541,-3.57683593,-3.124850806,-5.789487701,-4.702234261,-4.829598898,-4.136451718,-5.522746079,-6.466246352,-0.284180313,-0.238369053,0.162109616,-0.032773184,-0.010624285,-0.074368763,0.034712353,-0.044946747,0.021390069,0.034689804,0.020511784,0.012241641,-0.004201353,0.019514682,0.003737164,4.86E-17
    Ap27A07,G10,PANDA,yes,Slave,58570,195200,17820,127.7,208.2,2637,24,6.31,0.17,0.85,0.03,0.1,0.00897711,0.02,0.18,0.38,8.666571479,9.870373533,7.476670281,2.538277343,3.027092736,5.565990766,0.86664741,-0.469270744,-4.083363262,-2.47392535,-5.817964318,-4.613991513,-7.02448364,-6.223429426,-4.026204848,-3.278990447,0.00776189,0.328426157,-0.002545688,-0.089890566,0.020647584,-0.106751755,0.026668907,0.024713474,0.000567625,-0.089620564,0.003534382,-0.016679498,-0.037068641,0.0409486,-0.000728593,1.11E-16
    Ap27A08,G10,PANDA,yes,Slave,52320,191900,21000,175.3,318.3,2913,79.89,7.41,0.023539966,0.040415414,0.0088775,0.15,0.03,0.007271784,0.4,0.54,8.694489546,9.994085242,7.781633277,2.995854352,3.592349895,5.806294317,2.210006249,-0.167814,-5.919700061,-5.379188475,-6.894879753,-4.067764425,-5.677202337,-7.094398077,-3.086935172,-2.786830579,-0.173709108,0.442991337,0.11483788,-0.017288515,-0.099708852,0.125817519,-0.076939239,-0.038744642,0.046843409,0.004827714,-0.066659576,0.021125779,-0.040913748,0.007889106,0.001530902,-3.12E-16
    Ap27A10,G10,PANDA,yes,Slave,60770,194600,15140,184.1,221.5,2600,0.048221071,3.54,0.19,0.48,0.06,0.32,0.06,0.02,0.007238535,0.17,9.155057022,10.31890695,7.765301023,3.355684585,3.540628086,6.00347222,-4.891753707,-0.595667776,-3.52052571,-2.593763679,-4.67320522,-2.999228787,-4.67320522,-5.771817509,-6.788130927,-3.631751345,0.013163686,-0.055957144,-0.075636861,0.133697766,-0.020099336,0.036366883,-0.024447151,0.012974865,-0.016968133,0.005497631,-0.009990531,-0.050960288,-0.00996035,0.031998245,0.012072923,-1.60E-16
    Ap27B03,G10,KIT,no,Slave,58480,198500,8529,159.5,122.4,3064,0.012928373,1.7,0.47,1.27,0.17,0.97,0.14,0.03,0.002662141,0.007495538,9.245055133,10.46715942,7.319842439,3.340658961,3.075909409,6.296091569,-6.07971585,-1.20075671,-2.486407546,-1.492368061,-3.503341803,-1.761844169,-3.697497818,-5.237942859,-7.660009731,-6.62483238,0.195189744,-0.305352391,-0.082842875,0.112044306,0.050089985,0.019102496,-0.12403955,-0.009687018,0.036898767,-0.012426257,0.012194182,0.019794632,0.008818951,0.03206945,-0.003341754,-2.22E-16
    Ap27B04,G10,KIT,no,Slave,55270,195100,11820,132.2,128.1,2983,0.028114876,0.58,0.04,0.047446754,0.007058374,0.04,0.007481901,0.005391142,0.01,0.006333307,10.17775923,11.43904121,8.635321978,4.142089615,4.110584896,7.258458472,-4.313682763,-1.286953488,-3.961102137,-3.790373481,-5.695766882,-3.961102137,-5.637494744,-5.965224295,-5.347396498,-5.804158982,-0.352406938,-0.138725271,-0.024645826,-0.06541026,-0.04907189,0.034317438,-0.056533614,-0.062048365,-0.003200474,-0.002134741,-0.033304846,0.039151316,-0.003821961,0.029163052,-0.003093418,-8.67E-17
    Ap27B05,G10,KIT,no,Slave,49240,195100,12900,115.7,252.2,2715,0.051320748,4.19,0.11,0.27,0.02,0.06,0.007642872,0.004333399,0.04,0.07,9.38783909,10.76464504,8.0483601,3.334378144,4.113599934,6.489924742,-4.386282649,0.016078244,-3.623897403,-2.72595581,-5.328645495,-4.230033207,-6.29060432,-6.858025565,-4.635498315,-4.075882527,-0.188011058,0.066481174,-0.13923344,-0.050932989,-0.102778056,-0.038522804,-0.022387636,0.056397499,0.01417146,-0.025203429,0.014429613,-0.004427173,0.0116674,0.014262475,-0.003971894,-1.73E-17
    Ap27B06,G10,KIT,no,Slave,66470,197900,6843,117.1,130.1,2593,0.039789101,1.76,0.021821991,0.041500616,0.006029133,0.03,0.01,0.006611206,0.01,0.013364747,10.30481848,11.39582961,8.031293989,3.963340749,4.068615864,7.060883264,-4.023849766,-0.234373713,-4.624524556,-3.981734526,-5.91083954,-4.306245419,-5.404857708,-5.818676637,-5.404857708,-5.114822379,-0.353301848,-0.046127509,-0.019241291,0.015553593,0.012053983,0.034034714,-0.128000189,-0.006208375,0.0044829,0.008300806,-0.004952653,0.025040227,-0.004455046,0.002828204,0.00959391,-7.11E-17
    Ap27B07,G10,KIT,no,Slave,56310,198700,9329,72.58,181,2332,0.018178923,1.51,0.13,0.28,0.02,0.11,0.04,0.01,0.00437388,0.011584105,9.765215512,11.02613952,7.9674712,3.111277495,4.025085125,6.581069641,-5.18090434,-0.761302256,-3.213632735,-2.446377582,-5.085434912,-3.38068682,-4.392287732,-5.778582093,-6.605516724,-5.631533301,-0.090782656,-0.178877168,-0.042858189,0.03516549,-0.000658842,0.022615785,-0.048423135,0.064983733,0.066949148,0.057945565,0.017313876,-0.006760571,0.000699939,-0.000487558,-0.004895549,-1.35E-16
    Ap27B08,G10,KIT,no,Slave,64260,197100,9586,75.11,118.6,2576,0.029383411,1.33,0.026227835,0.19,0.01,0.022605768,0.01,0.02,0.01,0.011043941,10.14493307,11.26570693,8.242299413,3.393194139,3.84999692,6.92823352,-4.453084569,-0.640580625,-4.566693581,-2.586490774,-5.530929753,-4.71530973,-5.530929753,-4.837782572,-5.530929753,-5.431632872,-0.275518206,-0.101291808,0.046935384,0.013346296,0.032334968,-0.06508654,-0.046119996,0.048322634,-0.006585117,-0.039351392,0.061334644,0.026012368,-0.041601871,0.017131285,0.001745222,1.93E-16
    Ap27B09,G10,KIT,no,Slave,59500,197200,10930,190.7,132.9,2913,0.023041524,3.92,0.29,0.38,0.03,0.17,0.03,0.006963711,0.003723933,0.02,9.57277711,10.77101924,7.8783121,3.829747031,3.468642485,6.555984276,-5.191411774,-0.054862827,-2.658828837,-2.388538507,-4.927512378,-3.192911323,-4.927512378,-6.387997261,-7.01392947,-5.332977487,-0.063002601,-0.144608714,-0.187396306,0.049795353,0.023152529,0.018403455,-0.051009609,-0.042174339,0.030389277,0.033435761,0.002509414,0.017007072,-0.00997945,0.013590086,0.001695261,-9.37E-17
    Ap27B10,G10,KIT,no,Slave,60170,196400,11100,110.9,200.4,2929,0.014221804,5.42,0.12,0.12,0.006379793,0.021305208,0.005648692,0.01,0.00449708,0.02,10.02404081,11.20702032,8.333812029,3.727740537,4.319427011,7.001527989,-5.233867324,0.709207458,-3.101151894,-3.101151894,-6.035507973,-4.829692093,-6.157219638,-5.586058544,-6.385215429,-4.892911363,-0.337587962,-0.081295199,-0.14086221,0.035379291,0.033324187,-0.078384177,0.026764527,0.019141211,0.065335313,0.009023799,0.00313603,-0.002972015,0.026250083,0.003770224,0.002878999,7.55E-17
    Ap27B11,G10,KIT,no,Slave,56530,193400,18210,106.4,227.1,2734,0.027009068,4.73,0.08,0.3,0.02,0.03,0.02,0.02,0.006455316,0.06,9.564736876,10.79472599,8.431936299,3.289415703,4.047600575,6.535731143,-4.989372484,0.176135329,-3.903518518,-2.581762678,-5.289812879,-4.884347771,-5.289812879,-5.289812879,-6.420641231,-4.191200591,-0.210642241,-0.061003176,-0.041380998,0.098813627,-0.009356589,-0.036451734,0.05875215,0.043820585,0.021949299,-0.005207862,0.081762113,-0.024394987,-0.010833632,0.007109473,0.001951064,7.11E-17
    Ap27B12,G10,KIT,no,Slave,61200,197500,10590,52.27,120.4,2647,0.000792646,0.02,0.018208987,0.045392414,0.01,0.017933153,0.00823273,0.02,0.000774089,0.000146592,11.16993624,12.34152763,9.41569921,4.104456364,4.938853305,8.029215974,-6.992100635,-3.763989234,-3.857806235,-2.944376502,-4.457136414,-3.873070373,-4.65160389,-3.763989234,-7.015790178,-8.679826033,-0.434539521,-0.602276495,0.159782306,-0.088461792,-0.012412149,0.035551671,-0.013621257,-0.008488811,-0.003710841,-0.051720395,0.014681778,0.005060809,0.029792383,0.030321411,0.001490854,-1.53E-16
    Ap27B13,G10,KIT,no,Slave,56570,193400,9036,189.2,149.8,2504,0.025479239,4.85,0.27,0.2,0.02,0.17,0.02,0.005765585,0.004168835,0.03,9.596092817,10.82537459,7.761830606,3.895663386,3.6621598,6.478503461,-5.017032601,0.231837434,-2.656474591,-2.956579184,-5.259164277,-3.119098113,-5.259164277,-6.502989971,-6.827259914,-4.853699168,-0.105168743,-0.09098191,-0.205060408,0.055928636,0.020994961,0.019839175,-0.06140359,-0.035643206,0.034227816,0.037601412,-0.045404799,0.002218632,0.014950001,0.004544123,0.000875073,-7.68E-17
    Ap27B14,G10,KIT,no,Slave,64820,196300,11320,230.9,147.4,2711,0.046682785,5.9,0.18,0.43,0.06,0.07,0.03,0.007461958,0.01,0.03,9.510356186,10.61838609,7.765313061,3.872971425,3.424136689,6.336059559,-4.633393108,0.20593906,-3.283811719,-2.412983361,-4.382424008,-4.228273328,-5.075571188,-6.466950691,-6.174183477,-5.075571188,-0.075657502,-0.060089668,-0.163077774,0.04221427,0.000491051,0.004683258,-0.074592107,-0.048546892,-0.007935267,-0.010311309,0.093539303,0.009128799,0.013825307,-0.014093296,0.014002072,1.96E-16
    Ap27B15,G10,KIT,no,Slave,56390,198000,8765,190.2,152.5,2488,0.012083115,5.8,0.26,0.35,0.02,0.08,0.007240589,0.003977465,0.003639984,0.02,9.762961593,11.01893679,7.901436274,4.070990627,3.850079072,6.64214893,-5.593031781,0.580772394,-2.524159172,-2.226907648,-5.089108529,-3.702814168,-6.105138231,-6.704196067,-6.792861552,-5.089108529,-0.168150546,-0.108413623,-0.282107138,0.004556947,0.021990742,-0.032906778,-0.033405786,-0.015268371,0.023078013,-0.016544772,-0.00692906,-0.002390565,0.006441895,-0.006499133,0.000706332,5.12E-17
    Ap27B16,G10,KIT,no,Slave,53210,194000,15300,132.6,190.7,3152,0.013349177,3.38,0.24,0.34,0.04,0.32,0.03,0.01,0.003315236,0.013855084,9.455480655,10.74909247,8.209087135,3.460816106,3.82418054,6.629271479,-5.742821515,-0.208645263,-2.853637328,-2.505330633,-4.645396797,-2.565955255,-4.933078869,-6.031691158,-7.135747576,-5.705623987,-0.060167757,-0.196310149,-0.139831669,0.064855885,-0.022811464,0.040319833,-0.003159902,0.011455429,0.06050665,-0.004400709,-0.027888693,0.040091529,0.007011481,0.016690465,-0.001274068,-7.29E-17
    Ap27B17,G10,KIT,no,Slave,61910,196300,12000,156.3,146.1,2407,0.002875687,0.19,0.026672919,0.15,0.007301792,0.019821164,0.006265436,0.006668497,0.003605461,0.002019006,10.6179296,11.77189199,8.977154534,4.636269843,4.568783924,7.370629043,-6.266971082,-2.076238601,-4.039613875,-2.312627379,-5.335142811,-4.336512403,-5.488214521,-5.425868151,-6.040812982,-6.620657129,-0.409334913,-0.33105864,-0.031849897,-0.079332953,-0.061079373,-0.003862495,-0.042658003,-0.054948753,-0.030848237,-0.046090406,0.026490692,-0.030962348,-0.066464759,-0.00429156,0.01298076,4.16E-17
    Ap27B18,G10,KIT,no,Slave,65030,198600,8839,91.27,149.4,2711,0.22,0.13,0.017412005,0.030330301,0.004042201,0.011664599,0.005584312,0.005641,0.01,0.002238574,10.60392809,11.72037214,8.608253134,4.035146254,4.52795138,7.426396957,-1.992803626,-2.518896721,-4.529271256,-3.974283915,-5.98964182,-4.929872664,-5.666469923,-5.65636988,-5.083846079,-6.580592065,-0.4387505,-0.145949697,0.099199596,-0.16958491,-0.000691236,0.053851622,-0.074775443,-0.053825409,0.018674182,-0.014340572,0.000255991,-0.020352867,-0.000156655,0.018205613,0.006881105,-1.39E-16
    Ap27B19,G10,KIT,no,Slave,45970,190800,22430,127.2,230.8,2032,0.042877415,0.65,0.42,1.06,0.14,0.54,0.11,0.04,0.04,0.01404976,8.802302551,10.2255393,8.08471289,2.912318914,3.508109797,5.683334071,-5.082851785,-2.364224653,-2.800942305,-1.875172829,-3.899554594,-2.549627877,-4.140716651,-5.152317562,-5.152317562,-6.198591706,0.154831058,-0.183637799,0.072165492,0.00241665,-0.129421267,-0.044506246,-0.022655573,-0.015478886,0.017753654,-0.016310612,0.007340561,0.000723621,0.022172507,-0.007358107,-0.010011228,7.63E-17
    Ap27B20,G10,KIT,no,Slave,53990,195000,15910,86.62,208.3,2551,0.035090843,2.63,0.15,0.47,0.009285509,0.19,0.02,0.01,0.02,0.04,9.43570002,10.71990073,8.213849018,3.000676632,3.878125245,6.383386615,-4.810669159,-0.493870257,-3.357974088,-2.215876688,-6.140154325,-3.12158531,-5.372877109,-6.06602429,-5.372877109,-4.679729928,-0.109522647,-0.038255693,-0.058826064,-0.001862707,-0.068625517,-0.052068744,0.003510511,0.067362866,0.05974088,0.044331412,-0.053653877,0.017346459,-0.072688798,0.01769027,-0.00342217,-9.11E-18
    Ap27B21,G10,KIT,no,Slave,57370,194300,9398,109.7,170.7,2836,0.012700993,4.88,0.06,0.15,0.02,0.07,0.007810183,0.004861447,0.002726909,0.01500583,9.974457944,11.19433978,8.165433326,3.714930514,4.157088776,6.967331034,-5.348893982,0.602326366,-3.79622957,-2.879938838,-4.894841859,-3.64207889,-5.835145799,-6.309238028,-6.887405442,-5.182135334,-0.24556874,-0.119492829,-0.176767718,0.043434894,0.012717427,0.046629775,-0.030785184,0.054183694,0.029231855,-0.050066622,0.010353697,0.03328127,0.009379256,0.00238835,0.005194606,1.25E-16
    Ap27B22,G10,KIT,no,Slave,58410,193600,10090,207.9,164.2,2547,0.022751158,6.83,0.25,0.61,0.03,0.16,0.02,0.006718103,0.01,0.02,9.46679266,10.66509973,7.710850386,3.828607468,3.59263547,6.334221748,-5.291588961,0.412874947,-2.894744088,-2.002746049,-5.015007624,-3.341031191,-5.420472732,-6.511399117,-6.113619913,-5.420472732,-0.067110923,-0.080006724,-0.206553077,0.027194102,-0.012393236,-0.037627383,-0.079129371,-0.019378355,0.03927347,-0.011262419,0.010395656,0.019135419,-0.022913126,-0.020750834,0.007316194,1.21E-16
    Ap24E05,G10,NEW ELANDS,no,Kaapvaal,51790,194100,15770,94,171.1,1405,4.18,2.15,0.19,0.54,0.05,0.2,0.07,0.03,0.03,0.1,8.79438911,10.11556552,7.605301431,2.482731533,3.081684932,5.187229333,-0.630252003,-1.295095407,-3.721294456,-2.676749389,-5.056295523,-3.670001162,-4.719823286,-5.567121146,-5.567121146,-4.363148342,0.12462296,0.097934036,0.090084888,0.019759707,0.029043579,0.00267502,0.006963485,0.008683816,0.012748928,0.011742214,0.012633272,-0.030437344,-0.012349902,-0.022684614,-0.013798598,-1.21E-17
    Ap24E06,G10,NEW ELANDS,no,Kaapvaal,52480,195600,13580,79.48,148.9,1482,0.17,0.52,0.27,0.55,0.05,0.13,0.01,0.01,0.01,0.010969672,9.52124006,10.83687967,8.169406038,3.028558055,3.656327577,5.954200443,-3.118904205,-2.000873831,-2.656280683,-1.944784364,-4.342679637,-3.387168192,-5.952117549,-5.952117549,-5.952117549,-5.859568287,-0.002977109,-0.126441923,-0.048885922,-0.126506182,-0.00290013,-0.03351618,0.043715603,0.022444969,-0.016570516,-0.055295132,-0.016714605,-0.013346852,0.027197986,-0.009031721,-0.008247189,2.43E-17
    Ap24E07,G10,NEW ELANDS,no,Kaapvaal,45300,193100,14530,87.02,176.6,1524,0.060651009,1.46,0.17,0.42,0.05,0.14,0.03,0.02,0.03,0.07,9.106360337,10.55626149,7.969268782,2.851436003,3.559185314,5.714391762,-4.417320985,-1.236265538,-3.386658816,-2.482202542,-4.610434248,-3.580814831,-5.121259871,-5.52672498,-5.121259871,-4.273962011,0.012812989,-0.020409792,0.015491621,0.020863216,-0.070835069,-0.051386746,0.000405784,0.045078185,-0.034192116,-0.003274868,0.008362081,-0.019158886,0.024456669,-0.00267321,-0.018408458,3.30E-17
    Ap24E08,G10,NEW ELANDS,no,Kaapvaal,49810,195700,13360,112.7,124.4,1608,0.040464035,0.45,0.3,0.95,0.13,0.74,0.11,0.04,0.01,0.02,9.0731259,10.44149301,7.757175301,2.981884275,3.080657034,5.639901304,-4.950186863,-2.541352842,-2.94681795,-1.79413844,-3.783065974,-2.043950239,-3.950120059,-4.961720971,-6.348015332,-5.654868151,0.195963046,-0.217491748,0.05674124,0.050496084,-0.02691601,-0.002500375,-0.051989953,-0.003904953,-0.040856775,-0.006240292,-0.019788157,-0.013660933,-0.003790279,0.014139729,-0.015007603,-2.43E-16
    Ap24E09,G10,NEW ELANDS,no,Kaapvaal,62000,199000,14800,60.44,150,1591,0.072059201,1.81,0.21,0.51,0.07,0.27,0.03,0.01,0.01,0.06,9.437833313,10.60400375,8.005326108,2.504594786,3.413578943,5.775061677,-4.227323615,-1.003729506,-3.1577041,-2.270400905,-4.256316388,-2.906389672,-5.103614249,-6.202226538,-6.202226538,-4.410467068,0.063129735,-0.060275667,-0.051461634,0.00280049,-0.021175424,0.024860385,0.031754262,0.103709959,-0.034643369,0.014924298,-0.003388377,0.021189262,0.018777504,0.002270725,0.005067378,5.81E-17
    Ap24E10,G10,NEW ELANDS,no,Kaapvaal,58760,198500,5739,93.83,151.4,1723,0.030989246,1.23,0.02242508,0.07,0.01,0.022500329,0.007106201,0.01,0.01,0.02,10.1902447,11.40757245,7.86406833,3.750512706,4.228953413,6.660850308,-4.265086957,-0.583957759,-4.588547252,-3.450231965,-5.396142114,-4.585197283,-5.73775942,-5.396142114,-5.396142114,-4.702994933,-0.309193714,-0.044518802,-0.003315012,0.013340742,0.015329394,-0.013230973,-0.107066822,0.04169344,-0.030321166,-0.039929252,0.012903506,-0.035969902,0.020406864,-0.015277747,0.000413778,-3.04E-17
    Ap24E11,G10,NEW ELANDS,no,Kaapvaal,48660,194100,19250,64.86,168.8,1900,3.42,1.19,0.36,1.46,0.31,1.47,0.29,0.08,0.02,0.02,8.413151865,9.796668017,7.485805588,1.792770349,2.74925383,5.170148413,-1.149820201,-2.205507445,-3.401111999,-2.001024316,-3.550643733,-1.994198351,-3.617335108,-4.905189396,-6.291483757,-6.291483757,0.367843421,-0.077151682,0.175285603,0.042431596,0.026934945,0.047805625,-0.008555977,0.044053863,0.058880083,-0.034374642,0.019318284,0.038198089,0.014313288,0.000822563,-0.020740179,-1.46E-16
    Ap24E12,G10,NEW ELANDS,no,Kaapvaal,57100,198700,8156,68.39,203,1467,0.050367875,0.7,0.09,0.27,0.02,0.16,0.02,0.01,0.04,0.014563717,9.68907338,10.93606541,7.743023116,2.961740599,4.049719963,6.027488762,-4.251887729,-1.62016096,-3.671431625,-2.572819336,-5.175509021,-3.09606748,-5.175509021,-5.868656202,-4.482361841,-5.492708018,-0.068491532,-0.061173224,0.030329001,-0.069496347,-0.078113819,-0.03471779,-0.103905386,0.082836738,0.014741497,0.003265369,-0.042892783,-0.012378243,0.005898649,-0.030549092,0.002227184,1.39E-17
    Ap24E13,G10,NEW ELANDS,no,Kaapvaal,52230,196000,15770,144.2,148.1,1753,0.040413188,0.44,0.35,1.04,0.16,0.77,0.14,0.03,0.01,0.02,9.049079289,10.37153691,7.851531648,3.156868193,3.183554689,5.654750853,-5.022932155,-2.635313584,-2.864155156,-1.775112319,-3.646914496,-2.075697796,-3.780445888,-5.320890929,-6.419503218,-5.726356037,0.195062831,-0.232098089,0.032786633,0.040351625,-0.054277112,0.026646477,-0.050380041,-0.026553898,-0.036367473,0.002004447,-0.005692942,-0.02527252,-0.004453172,0.008171357,-0.006126182,-1.84E-16
    Ap24E14,G10,NEW ELANDS,no,Kaapvaal,49850,196100,12350,75.87,179.8,1660,0.033637099,0.48,0.11,0.23,0.04,0.13,0.03,0.01,0.01,0.010978513,9.62495199,10.99455823,8.229589556,3.137199564,4.000023336,6.222751096,-4.58394748,-1.925790961,-3.399096699,-2.661497756,-4.410697611,-3.232042614,-4.698379683,-5.796991972,-5.796991972,-5.703637022,-0.061189434,-0.172627388,0.01898593,-0.034974314,-0.067372342,0.037832615,-0.026551735,0.036569895,-0.002028018,0.005702168,0.003006439,-0.012442209,0.029004269,-0.013140515,-0.009220431,-3.47E-17
    Ap24E15,G10,NEW ELANDS,no,Kaapvaal,57060,194600,17330,113.2,192.7,2111,0.16,0.99,0.35,0.4,0.01,0.09,0.01,0.01,0.03,0.02,9.509034842,10.73587767,8.3173706,3.286332383,3.818310793,6.212093265,-3.275405246,-1.452874118,-2.492645907,-2.359114514,-6.047993968,-3.850769391,-6.047993968,-6.047993968,-4.94938168,-5.354846788,-0.120898958,-0.039416608,-0.053212404,-0.123899033,-0.045495048,-0.10355979,0.039133847,-0.022482099,0.041257686,0.028049718,-0.059148231,-0.013222799,-0.019591581,0.004117575,-6.75E-05,2.08E-17
    Ap24E16,G10,NEW ELANDS,no,Kaapvaal,54750,195900,23000,81.1,228.2,1579,0.062185376,0.32,0.29,0.85,0.09,0.41,0.06,0.01,0.04,0.013538192,9.237227011,10.51205397,8.369943859,2.722377325,3.756916801,5.691241378,-4.450941054,-2.812739919,-2.911179992,-1.835824566,-4.081251245,-2.564903755,-4.486716353,-6.278475822,-4.892181461,-5.975546174,0.101385582,-0.16265605,0.039406538,-0.110506538,-0.160768948,0.016968264,0.005671027,0.038256033,-0.007979529,0.018126359,-0.003463233,0.001458048,0.001205311,-0.022440693,0.005936974,5.55E-17
    Ap24E17,G10,NEW ELANDS,no,Kaapvaal,48690,195500,14210,135.1,166.6,1461,0.21,0.66,0.34,1.38,0.23,1.51,0.24,0.05,0.03,0.015467327,8.670863599,10.06095031,7.439335871,2.783649895,2.99323038,5.164511062,-3.683013098,-2.537880794,-3.201175011,-1.800281851,-3.59204132,-1.710255699,-3.549481705,-5.118097623,-5.628923247,-6.291390768,0.301669943,-0.154105294,0.105684986,0.040296132,-0.056897639,0.012742159,-0.10257966,-0.017765656,0.00136357,-0.025482803,-0.012325716,-0.002790216,-0.002854222,-0.029815856,-0.012065298,-6.94E-18
    Ap24E18,G10,NEW ELANDS,no,Kaapvaal,48110,193100,21530,89.49,207,1825,0.040911293,1.59,0.22,0.53,0.07,0.45,0.05,0.03,0.01,0.05,9.042307157,10.43202529,8.238264412,2.755188709,3.593780615,5.770397088,-4.935287316,-1.275204162,-3.253065911,-2.373816451,-4.398198215,-2.537445874,-4.734670452,-5.245496075,-6.344108364,-4.734670452,0.063085661,-0.122339578,0.015180521,0.077209309,-0.060071653,0.003040671,0.049684536,0.051966187,-0.002374042,-0.014527909,-0.034461409,0.002658051,0.006269724,0.005776369,-0.010325394,-7.02E-17
    Ap24E19,G10,NEW ELANDS,no,Kaapvaal,59850,196100,17020,65.89,199.4,1864,0.060392211,2.17,0.21,0.57,0.08,0.28,0.04,0.01,0.01,0.04,9.35333548,10.54011878,8.095883171,2.541725454,3.649051627,5.884218765,-4.453156363,-0.871534063,-3.206908979,-2.208380149,-4.171989875,-2.919226906,-4.865137055,-6.251431417,-6.251431417,-4.865137055,0.05458928,-0.088197745,-0.051108988,0.010196476,-0.048137122,0.040108139,0.030732391,0.101616855,0.005078589,0.008601975,0.016307394,0.021546984,0.019765341,-0.007765596,0.007919711,7.07E-17
    Ap24E20,G10,NEW ELANDS,no,Kaapvaal,61020,198700,8356,80.17,151.1,1929,0.038577307,0.66,0.13,0.19,0.02,0.09,0.01,0.004618186,0.00534828,0.02,9.994042095,11.17463656,8.005820259,3.359234516,3.993027006,6.539842149,-4.280005944,-1.440430308,-3.065135692,-2.685646071,-4.936937869,-3.432860472,-5.63008505,-6.402668152,-6.255895162,-4.936937869,-0.136731342,-0.12293667,-0.099773552,-0.071833086,0.000590771,0.027412025,-0.028827001,0.050673847,-0.016330408,0.013767065,-0.033641533,-0.03172726,0.023826275,0.021185503,0.004107798,-2.48E-16
    Ap24E21,G10,NEW ELANDS,no,Kaapvaal,56100,196400,22710,84.16,164.6,2085,0.055458111,0.36,0.85,2.47,0.31,1.23,0.26,0.09,0.01,0.03,8.789320648,10.04233823,7.884990191,2.287149305,2.957947845,5.496953691,-5.037697739,-3.167221691,-2.308089373,-1.241352293,-3.316753425,-1.938556274,-3.492644092,-4.553516052,-6.75074063,-5.652128341,0.328725612,-0.263058341,0.10802949,0.05706296,-0.031759036,-0.023797816,0.02934373,0.031948572,-0.018931089,0.017438153,0.007367533,-0.024166375,0.016978874,0.048971123,-0.005565877,-2.08E-16
    Ap27C14,G10,ZERO,no,Kaapvaal,58660,198500,19660,92.36,183.1,1642,0.16,0.38,0.76,2.07,0.17,1.1,0.2,0.07,0.01,0.010241918,8.934203285,10.15323432,7.841031336,2.480383927,3.164722394,5.358360232,-3.877891521,-3.012894084,-2.319746903,-1.31776145,-3.817266899,-1.949999878,-3.65474797,-4.704570094,-6.650480244,-6.626576452,0.289971504,-0.257045595,0.10670861,0.010087495,-0.007819403,-0.020971763,0.008167078,0.006340288,0.031909954,0.008932957,-0.017675256,-0.023292725,0.000332721,-0.008581141,-0.001268852,-4.86E-17
    Ap27C15,G10,ZERO,no,Kaapvaal,62970,198600,21470,96.86,190,1760,0.026966494,0.4,1.01,2.5,0.25,1.12,0.17,0.06,0.004811934,0.007903199,9.120504542,10.26913887,8.044502731,2.643357478,3.317114913,5.543159929,-5.543069305,-2.846199891,-1.919958829,-1.013618428,-3.316203521,-1.816580474,-3.701866001,-4.743319876,-7.266565374,-6.770396764,0.274527181,-0.35100627,0.041062312,0.027459156,-0.019751268,-0.020527749,0.033881824,0.018848997,0.017274207,0.000256414,-0.005774906,-0.019607482,0.019162993,-0.006209363,0.008645289,0
    Ap27C16,G10,ZERO,no,Kaapvaal,61680,199900,21080,100.9,185.5,1718,0.020333441,0.28,1.01,2.1,0.25,1.15,0.14,0.09,0.004496766,0.005503154,9.16512248,10.34097999,8.091487474,2.749537399,3.358462354,5.584323574,-5.760080946,-3.137558204,-1.854642198,-1.122655184,-3.25088689,-1.724830586,-3.830705385,-4.272538137,-7.268989315,-7.067026429,0.259412707,-0.388387841,0.067971111,0.028746723,-0.013051638,-0.042708257,0.034157897,0.003588014,0.010351529,-0.023213637,-0.026710608,-0.02188631,0.034037813,-0.003580775,0.005568867,4.86E-17
    Ap27C17,G10,ZERO,no,Kaapvaal,57520,199900,20340,83.77,161.8,1724,0.52,0.38,0.82,1.97,0.27,1.61,0.22,0.1,0.01,0.010403537,8.766755237,10.01243977,7.727211915,2.234942193,2.89322825,5.259269696,-2.847059222,-3.160716781,-2.391583694,-1.515099212,-3.502466075,-1.716898576,-3.707260488,-4.495717848,-6.798302941,-6.75874222,0.351077328,-0.234644255,0.142104844,0.011672667,0.026092288,-0.005449987,0.016298897,0.00401425,0.028828497,-0.018662871,-0.025206503,-0.002238262,0.019720242,0.005838805,-0.007386593,-1.39E-17
    Ap27C18,G10,ZERO,no,Kaapvaal,61700,199200,21000,105.6,114.2,1917,0.060094417,0.65,1.29,1.87,0.16,0.36,0.05,0.01,0.01,0.01057684,9.26947212,10.44149753,8.191710627,2.899091281,2.977384207,5.797949653,-4.572405432,-2.191350006,-1.505924872,-1.134628659,-3.593148554,-2.782218338,-4.756299364,-6.365737276,-6.365737276,-6.309655647,0.19323287,-0.22271009,-0.10051457,-0.102413127,-0.031725514,-0.028752694,0.050593816,-0.021086892,-0.022467386,0.030958085,0.032932404,0.032647735,0.020981411,0.007030287,0.002224329,2.08E-17
    Ap27C19,G10,ZERO,no,Kaapvaal,59960,199800,13600,96.33,151.9,1764,27.97,1.5,0.93,2.45,0.18,0.88,0.1,0.007381789,0.01,0.06,8.634042357,9.837681549,7.150434476,2.200389201,2.655831814,5.107948641,0.963741912,-1.961925488,-2.439961289,-1.471302571,-4.082189024,-2.495223967,-4.669975689,-7.276129828,-6.972560782,-5.180801312,0.359209436,0.042679434,-0.069379732,-0.105770891,0.089381646,0.102810148,0.008373556,0.01749491,0.042909462,0.019442105,0.011428281,-0.036272601,-0.019959537,0.007790858,-0.004143535,-2.03E-16
    Ap27C20,G10,ZERO,no,Kaapvaal,64390,199000,25600,117.6,111.5,1881,0.18,0.7,2.09,4.86,0.42,1.16,0.17,0.06,0.01,0.03,8.742991949,9.871338433,7.820625959,2.437567364,2.38430292,5.209837158,-4.044520099,-2.686396615,-1.592557605,-0.748683233,-3.197222239,-2.181301666,-4.101678513,-5.143132388,-6.934891857,-5.836279568,0.390178528,-0.216072239,0.006821692,0.004280655,0.02196462,-0.057421356,0.063261455,-0.022336439,-0.040469957,0.008825492,0.023708752,0.007031269,0.007210824,0.030770976,0.001308235,2.08E-17
    Ap27C21,G10,ZERO,no,Kaapvaal,67090,203800,9049,61.07,69.36,1261,0.025582515,0.1,0.34,0.59,0.04,0.12,0.04,0.007941155,0.001794894,0.001662029,10.22322935,11.33433347,8.219848604,3.221459818,3.348749403,6.249099406,-4.556407082,-3.193146023,-1.969370591,-1.418193672,-4.109436754,-3.010824466,-4.109436754,-5.726257491,-7.213370349,-7.29027687,0.049679904,-0.380116912,-0.012769926,-0.123418524,0.059539282,0.020136909,-0.014567324,-0.011721898,-0.028262141,0.078586258,0.022907311,-0.005763931,-0.00364757,-0.013591456,-0.003009664,-1.67E-16
    Ap27C22,G10,ZERO,no,Kaapvaal,68180,199000,17380,123.8,174.8,2427,87.63,5.16,1.24,2.7,0.28,1.14,0.17,0.03,0.08,0.35,8.11758259,9.188736148,6.750751443,1.806343404,2.151318507,4.78208725,1.460799449,-1.371387376,-2.797212576,-2.019072183,-4.285289632,-2.881295693,-4.784280798,-6.518881853,-5.5380526,-4.06214608,0.426072791,0.22361464,0.017323298,-0.030019554,0.073414167,0.007289996,-0.016437021,0.009750088,0.029018064,0.008966512,0.018113998,-0.010288138,0.010900058,0.039147861,0.005674457,-1.06E-16
    Ap27D03,G10,ZERO,no,Kaapvaal,60970,199800,13000,93.71,141.2,1731,10.94,1.52,0.79,2.16,0.16,0.83,0.11,0.02,0.01,0.05,8.690064632,9.876999558,7.14463205,2.21213232,2.622104738,5.128381968,0.06435321,-1.909362252,-2.56379492,-1.557964365,-4.16065405,-2.514402165,-4.5353475,-6.240095592,-6.933242773,-5.32380486,0.341841633,0.003132723,-0.007511414,-0.043668234,0.106395232,0.045710158,-0.00053283,0.017044791,0.037362536,0.005773606,0.002351816,-0.029218416,-0.012325024,0.008546769,-0.00575046,-1.94E-16
    Ap27D04,G10,ZERO,no,Kaapvaal,63500,199700,13670,92.56,148.6,1699,20.2,1.52,0.7,1.86,0.14,0.44,0.07,0.03,0.007521327,0.03,8.803042156,9.94881849,7.267205901,2.272104054,2.745505103,5.182042093,0.749929575,-1.837042694,-2.612427973,-1.635176541,-4.221865885,-3.076733581,-4.915013066,-5.762310926,-7.145765778,-5.762310926,0.287345762,-0.006462938,0.016960592,-0.054501934,0.148882277,0.019185924,0.032379577,0.002950357,0.051727623,-0.031968101,0.0165324,-0.035533058,0.0023943,-0.005094021,-0.003558463,-7.29E-17
    Ap27D05,G10,ZERO,no,Kaapvaal,73480,204300,9502,60.98,66.09,1210,0.031025973,0.14,0.27,0.39,0.02,0.08,0.02,0.00768343,0.001845841,0.002303524,10.41009823,11.43267447,8.364587269,3.315875629,3.396347137,6.303705326,-4.267600897,-2.760783169,-2.104003633,-1.736278853,-4.706693318,-3.320398957,-4.706693318,-5.663359471,-7.089490783,-6.867985653,-0.03768013,-0.328758391,-0.025755337,-0.126028333,0.079331155,-0.00569671,0.013536353,-0.012380894,-0.036118572,0.07590327,-0.005646293,0.002583505,-0.01385205,-0.01637488,0.003507176,-4.16E-17
    Ap27D06,G10,ZERO,no,Kaapvaal,56610,199000,67520,442.5,205,1840,0.065013484,2.12,1.91,5.22,0.71,3.86,0.87,0.47,0.05,0.07,7.945509207,9.202628384,8.12174741,3.094008745,2.32457826,4.519089131,-5.731592306,-2.247015631,-2.351328477,-1.345934318,-3.340922029,-1.647764536,-3.137693787,-3.753454304,-5.994163993,-5.657691756,0.420449836,-0.202158048,0.125432152,0.201190384,-0.111779669,-0.102198873,0.042890449,-0.150270092,-0.043573087,-0.027995905,-0.006200831,0.014275674,-0.022870799,-0.029612549,0.005233413,4.06E-16
    Ap27D07,G10,ZERO,no,Kaapvaal,64250,199500,13780,97.81,144,1673,0.38,1.22,0.71,1.91,0.18,0.72,0.07,0.01,0.01,0.03,9.07699245,10.21002496,7.537428992,2.589482268,2.976268747,5.428829148,-2.961128579,-1.794693694,-2.336034862,-1.346441311,-3.708342981,-2.32204862,-4.65280459,-6.598714739,-6.598714739,-5.50010245,0.259673162,-0.103108826,-0.084883788,-0.055541472,0.012381442,0.034448695,-0.009651733,0.037126163,-0.005684924,0.008142383,0.008351982,-0.004001626,0.003076972,-0.003586082,0.007601353,-1.73E-17
    Ap27D08,G10,ZERO,no,Kaapvaal,72020,198500,23020,133.3,148.4,1695,3.47,1.88,0.96,3.57,0.32,1.39,0.13,0.02,0.007136357,0.07,8.71605561,9.729900852,7.575475155,2.4239587,2.531267804,4.966794493,-1.224488933,-1.83737175,-2.509465522,-1.196077931,-3.60807781,-2.13933978,-4.508864356,-6.380666533,-7.411196433,-5.127903564,0.363768894,-0.056674222,-0.054106247,-0.011008329,0.063349272,0.068403948,0.055364982,0.001393952,-0.011563614,-0.015079342,0.00951511,-0.011924374,-0.03270054,-0.003454233,0.01749171,3.47E-18
    Ap27D09,G10,ZERO,no,Kaapvaal,68900,201400,13980,98.48,143.5,1612,0.89,1.12,0.76,1.55,0.14,0.74,0.05,0.007205692,0.01,0.03,9.15957941,10.23221621,7.564550969,2.609021435,2.985502989,5.404398877,-2.097365863,-1.867503361,-2.255268892,-1.542577116,-3.946944903,-2.281937139,-4.97656432,-6.913716122,-6.586002233,-5.487389944,0.241896438,-0.073007804,-0.100641969,-0.096165506,0.025754461,0.049520187,0.002278154,0.028732598,-0.002855613,0.010125114,-0.019021266,-0.003139396,0.001733036,-0.006206753,0.012802746,-4.86E-17
    Ap27D10,G10,ZERO,no,Kaapvaal,101300,200300,23010,161.9,161.5,1745,1.48,1.9,1.17,2.95,0.29,1.18,0.21,0.05,0.01,0.09,8.960595416,9.642325247,7.478437909,2.521732586,2.519258868,4.89926356,-2.173204187,-1.923392388,-2.408242526,-1.483441104,-3.803120631,-2.399731836,-4.125894023,-5.560978548,-7.17041646,-4.973191883,0.345161946,-0.08084642,0.003148408,0.044579455,0.072603331,0.01288565,0.028508942,-0.015499119,-0.025833909,0.018388549,0.005937973,-0.027442939,-0.010170445,-0.008123746,0.046700675,1.93E-16
    Ap27K03,G10,ZERO,no,Kaapvaal,61450,199700,8356,96.51,39.04,1295,0.03237156,2.17,0.7,2.34,0.16,1.56,0.18,0.06,0.001070556,0.012497177,9.253380438,10.43197284,7.258136445,2.797047952,1.891988084,5.393667297,-5.203073711,-0.99787151,-2.129273621,-0.922447748,-3.605180141,-1.327912856,-3.487397106,-4.586009394,-8.612175816,-6.154851155,0.362126813,-0.284191603,-0.050676944,0.169254238,0.184613798,-0.022107504,-0.050483398,-0.003529755,-0.041145469,0.031847407,-0.010526417,0.073550069,-0.046510584,-0.000556339,-0.019630059,2.08E-17
    Ap27K04,G10,ZERO,no,Kaapvaal,62380,201100,7105,43.18,54.77,1014,1.59,0.27,0.24,0.37,0.03,0.05,0.01,0.005643605,0.01,0.008207998,9.925261688,11.09581927,7.752815738,2.649639123,2.887404296,5.805919882,-0.652004286,-2.425071623,-2.542854658,-2.109990576,-4.6222962,-4.111470576,-5.720908489,-6.292970507,-5.720908489,-5.918384596,0.042921211,-0.050701236,-0.002776656,-0.211148235,0.118459271,-0.027147028,0.001688573,0.017169794,-0.058057387,0.02907587,0.023700332,0.014014151,0.025476519,-0.008217644,-0.016340599,1.39E-17
    Ap27K05,G10,ZERO,no,Kaapvaal,76440,202200,10350,73.08,57.57,1108,12.47,1.08,0.67,1.31,0.07,0.8,0.009092688,0.003863016,0.0056254,0.04,9.432237284,10.40498847,7.432717684,2.479530617,2.240977484,5.198287753,0.711301645,-1.735063074,-2.212501681,-1.541996978,-4.471284152,-2.035167666,-6.512308829,-7.368331253,-6.992487364,-5.03089994,0.24610156,0.044373197,-0.161187357,-0.189987008,0.164788426,0.043633977,0.049579649,0.028070211,-0.066613735,-0.031350239,-0.098729633,0.042381508,-0.040204598,0.009534521,0.00711853,-3.56E-17
